country,year,children_per_woman_total_fertility,government_health_spending_per_person_us,life_expectancy_years
Albania,1995,2.59,13.9,74.6
Albania,1996,2.51,17.1,74.4
Albania,1997,2.42,14.2,72.5
Albania,1998,2.33,18.6,74.5
Albania,1999,2.25,28.1,74.6
Albania,2000,2.16,27.2,74.9
Albania,2001,2.07,30.5,75.2
Albania,2002,1.98,32.5,75.3
Albania,2003,1.9,40.6,75.4
Albania,2004,1.82,63.9,75.6
Albania,2005,1.75,71.4,76
Albania,2006,1.7,75.5,76.4
Albania,2007,1.67,88.8,76.9
Albania,2008,1.65,109,77
Albania,2009,1.65,107,77.5
Albania,2010,1.65,94,77.6
Algeria,1995,3.45,46.8,72.9
Algeria,1996,3.21,48,73.3
Algeria,1997,2.99,49.7,73.2
Algeria,1998,2.8,48.7,73.5
Algeria,1999,2.64,45.5,73.9
Algeria,2000,2.51,45.9,74
Algeria,2001,2.44,52.5,74.2
Algeria,2002,2.4,54.1,74.5
Algeria,2003,2.41,62.6,74.6
Algeria,2004,2.44,63.2,75
Algeria,2005,2.5,69.3,75.3
Algeria,2006,2.58,81.7,75.5
Algeria,2007,2.66,109,75.7
Algeria,2008,2.75,148,75.9
Algeria,2009,2.83,143,76.1
Algeria,2010,2.89,139,76.3
Angola,1995,6.92,13.5,49.5
Angola,1996,6.85,8.72,50.1
Angola,1997,6.79,10.5,50.2
Angola,1998,6.73,6.65,49.3
Angola,1999,6.68,6.55,50.7
Angola,2000,6.64,12.5,51.7
Angola,2001,6.6,18.3,52.4
Angola,2002,6.57,14.3,53.5
Angola,2003,6.54,19.4,54.2
Angola,2004,6.5,19.7,54.8
Angola,2005,6.47,27.1,55.7
Angola,2006,6.42,50.9,56.4
Angola,2007,6.37,68.4,57.5
Angola,2008,6.31,126,58.4
Angola,2009,6.24,181,59.1
Angola,2010,6.16,102,59.9
Antigua and Barbuda,1995,2.21,233,74.1
Antigua and Barbuda,1996,2.25,227,74.2
Antigua and Barbuda,1997,2.28,246,74.4
Antigua and Barbuda,1998,2.3,264,74.5
Antigua and Barbuda,1999,2.32,278,74.6
Antigua and Barbuda,2000,2.32,281,74.7
Antigua and Barbuda,2001,2.31,266,74.9
Antigua and Barbuda,2002,2.29,267,75.2
Antigua and Barbuda,2003,2.27,279,75.4
Antigua and Barbuda,2004,2.25,291,75.6
Antigua and Barbuda,2005,2.22,305,75.8
Antigua and Barbuda,2006,2.2,351,76
Antigua and Barbuda,2007,2.18,397,76.3
Antigua and Barbuda,2008,2.16,409,76.4
Antigua and Barbuda,2009,2.15,403,76.6
Antigua and Barbuda,2010,2.13,490,76.6
Argentina,1995,2.76,368,73.3
Argentina,1996,2.71,357,73.3
Argentina,1997,2.66,373,73.5
Argentina,1998,2.62,383,73.5
Argentina,1999,2.59,400,73.6
Argentina,2000,2.56,382,74.2
Argentina,2001,2.54,367,74.3
Argentina,2002,2.52,121,74.2
Argentina,2003,2.5,148,74.3
Argentina,2004,2.47,174,74.9
Argentina,2005,2.45,217,75.3
Argentina,2006,2.43,259,75.4
Argentina,2007,2.41,334,75.1
Argentina,2008,2.4,437,75.5
Argentina,2009,2.38,488,75.6
Argentina,2010,2.37,405,75.8
Armenia,1995,1.8,7.97,69.9
Armenia,1996,1.8,8.16,70.3
Armenia,1997,1.7,7.36,71
Armenia,1998,1.5,10,71.5
Armenia,1999,1.4,9.63,71.9
Armenia,2000,1.3,7.07,72.3
Armenia,2001,1.2,11,72.6
Armenia,2002,1.2,10.6,72.7
Armenia,2003,1.4,13.9,72.9
Armenia,2004,1.4,16.3,73.2
Armenia,2005,1.4,23.6,73.4
Armenia,2006,1.3,33,73.6
Armenia,2007,1.4,48.3,73.9
Armenia,2008,1.4,63.5,73.8
Armenia,2009,1.6,56,73.9
Armenia,2010,1.55,54.2,74
Australia,1995,1.82,1030,78.2
Australia,1996,1.81,1150,78.3
Australia,1997,1.79,1180,78.6
Australia,1998,1.77,1050,78.9
Australia,1999,1.76,1190,79.3
Australia,2000,1.76,1150,79.5
Australia,2001,1.76,1080,80
Australia,2002,1.78,1240,80.2
Australia,2003,1.79,1540,80.5
Australia,2004,1.82,1920,80.8
Australia,2005,1.86,2100,81.2
Australia,2006,1.89,2220,81.4
Australia,2007,1.92,2670,81.4
Australia,2008,1.94,2880,81.5
Australia,2009,1.94,2680,81.7
Australia,2010,1.93,3250,82
Austria,1995,1.42,2110,76.8
Austria,1996,1.45,2050,77.1
Austria,1997,1.39,1930,77.6
Austria,1998,1.37,2020,77.8
Austria,1999,1.34,2050,78
Austria,2000,1.37,1820,78.3
Austria,2001,1.33,1820,78.7
Austria,2002,1.39,1950,78.9
Austria,2003,1.38,2410,79
Austria,2004,1.42,2790,79.4
Austria,2005,1.41,2920,79.6
Austria,2006,1.41,3040,80.1
Austria,2007,1.38,3520,80.2
Austria,2008,1.41,3980,80.4
Austria,2009,1.39,3910,80.3
Austria,2010,1.44,3840,80.6
Azerbaijan,1995,2.58,4.33,65
Azerbaijan,1996,2.45,6.02,65.3
Azerbaijan,1997,2.33,6.15,65.6
Azerbaijan,1998,2.21,5.04,65.9
Azerbaijan,1999,2.11,5.62,66.3
Azerbaijan,2000,2.03,5.64,66.8
Azerbaijan,2001,1.96,5.9,67.2
Azerbaijan,2002,1.91,5.96,67.3
Azerbaijan,2003,1.87,7.21,67.2
Azerbaijan,2004,1.84,10.5,67.4
Azerbaijan,2005,1.82,13.6,67.5
Azerbaijan,2006,1.82,20.8,68
Azerbaijan,2007,1.84,36.7,68.5
Azerbaijan,2008,1.87,45,68.8
Azerbaijan,2009,1.91,65.4,69.1
Azerbaijan,2010,1.96,67.3,69.3
Bahamas,1995,2.51,335,70.8
Bahamas,1996,2.44,353,70.5
Bahamas,1997,2.36,396,71.3
Bahamas,1998,2.26,458,71.8
Bahamas,1999,2.17,497,71.1
Bahamas,2000,2.07,523,71.5
Bahamas,2001,1.99,524,71.6
Bahamas,2002,1.93,556,72.4
Bahamas,2003,1.89,582,72.9
Bahamas,2004,1.86,633,72.9
Bahamas,2005,1.86,635,73.4
Bahamas,2006,1.87,804,73
Bahamas,2007,1.87,805,73.5
Bahamas,2008,1.88,829,73.5
Bahamas,2009,1.88,815,73.3
Bahamas,2010,1.87,791,73.4
Bahrain,1995,3.1,336,71
Bahrain,1996,3.01,336,71.2
Bahrain,1997,2.93,353,71.4
Bahrain,1998,2.86,330,71.7
Bahrain,1999,2.81,343,72.4
Bahrain,2000,2.77,336,72.6
Bahrain,2001,2.72,354,73.7
Bahrain,2002,2.67,386,74.2
Bahrain,2003,2.6,428,74.2
Bahrain,2004,2.53,444,74.4
Bahrain,2005,2.45,475,75.1
Bahrain,2006,2.37,485,75.7
Bahrain,2007,2.29,513,76.5
Bahrain,2008,2.23,565,77.1
Bahrain,2009,2.18,540,77.8
Bahrain,2010,2.14,634,78.2
Bangladesh,1995,3.73,23.8,62.1
Bangladesh,1996,3.6,24.4,62.9
Bangladesh,1997,3.47,20.4,63.7
Bangladesh,1998,3.35,21.2,64.5
Bangladesh,1999,3.23,22.3,65.2
Bangladesh,2000,3.12,24.2,65.5
Bangladesh,2001,3.01,27.1,66.1
Bangladesh,2002,2.91,29.4,66.5
Bangladesh,2003,2.8,30.4,66.8
Bangladesh,2004,2.7,33.7,67.3
Bangladesh,2005,2.61,37.4,67.6
Bangladesh,2006,2.52,43,67.9
Bangladesh,2007,2.44,47.4,68.1
Bangladesh,2008,2.38,49.1,68.5
Bangladesh,2009,2.32,53.1,69.1
Bangladesh,2010,2.28,58,69.5
Barbados,1995,1.73,306,74
Barbados,1996,1.73,318,74.4
Barbados,1997,1.74,322,74.4
Barbados,1998,1.74,347,74.5
Barbados,1999,1.74,372,74.7
Barbados,2000,1.74,396,74.8
Barbados,2001,1.75,429,75.3
Barbados,2002,1.75,459,75.3
Barbados,2003,1.75,456,75.4
Barbados,2004,1.76,472,75.5
Barbados,2005,1.76,498,75.5
Barbados,2006,1.76,543,75.8
Barbados,2007,1.77,560,76.1
Barbados,2008,1.77,628,76.3
Barbados,2009,1.78,494,76.7
Barbados,2010,1.78,652,76.7
Belarus,1995,1.47,49.2,68.5
Belarus,1996,1.4,66.5,68.6
Belarus,1997,1.34,75,68.5
Belarus,1998,1.29,68.8,68.3
Belarus,1999,1.26,56.6,68
Belarus,2000,1.24,47.9,68.8
Belarus,2001,1.24,58.5,68.3
Belarus,2002,1.24,66.8,67.8
Belarus,2003,1.26,87.5,68.4
Belarus,2004,1.29,115,68.8
Belarus,2005,1.32,154,68.6
Belarus,2006,1.36,168,69.3
Belarus,2007,1.4,207,70.2
Belarus,2008,1.45,243,70.3
Belarus,2009,1.5,199,70.4
Belarus,2010,1.54,248,70.4
Belgium,1995,1.61,1640,76.9
Belgium,1996,1.61,1680,77.2
Belgium,1997,1.61,1440,77.4
Belgium,1998,1.61,1480,77.6
Belgium,1999,1.62,1500,77.7
Belgium,2000,1.63,1380,77.8
Belgium,2001,1.65,1410,78.1
Belgium,2002,1.68,1530,78.3
Belgium,2003,1.7,2250,78.5
Belgium,2004,1.73,2680,79
Belgium,2005,1.76,2750,79.2
Belgium,2006,1.78,2690,79.6
Belgium,2007,1.8,3070,79.6
Belgium,2008,1.81,3560,79.6
Belgium,2009,1.81,3570,79.8
Belgium,2010,1.81,3450,80.1
Belize,1995,4.11,74.1,72
Belize,1996,4.01,58,71.5
Belize,1997,3.91,63.7,71.1
Belize,1998,3.81,62.3,69.8
Belize,1999,3.7,61,70.4
Belize,2000,3.6,69.5,70.3
Belize,2001,3.5,88,70.9
Belize,2002,3.39,87.2,71.3
Belize,2003,3.28,95.4,71.5
Belize,2004,3.18,96.5,71.8
Belize,2005,3.07,105,72.3
Belize,2006,2.98,113,72.6
Belize,2007,2.89,133,73.2
Belize,2008,2.82,138,73.5
Belize,2009,2.76,154,73.5
Belize,2010,2.72,150,73.6
Benin,1995,6.36,8.11,56.7
Benin,1996,6.28,8.24,56.8
Benin,1997,6.2,6.87,57
Benin,1998,6.12,7.74,57.2
Benin,1999,6.04,8.3,57.4
Benin,2000,5.96,6.94,57.5
Benin,2001,5.89,8.58,57.7
Benin,2002,5.82,7.64,58.1
Benin,2003,5.75,11,58.4
Benin,2004,5.69,11.9,58.8
Benin,2005,5.63,13.4,59.2
Benin,2006,5.58,14.3,59.6
Benin,2007,5.52,16,60
Benin,2008,5.47,17,60.5
Benin,2009,5.42,18,61
Benin,2010,5.36,15,61.4
Bhutan,1995,4.6,12.9,63.1
Bhutan,1996,4.4,19.2,63.9
Bhutan,1997,4.2,24.4,64.5
Bhutan,1998,4,25,65.2
Bhutan,1999,3.8,38.2,65.9
Bhutan,2000,3.6,40.9,65.7
Bhutan,2001,3.42,39.3,67.1
Bhutan,2002,3.24,58.5,67.8
Bhutan,2003,3.09,37.3,68.3
Bhutan,2004,2.95,34.9,68.8
Bhutan,2005,2.84,44,69.3
Bhutan,2006,2.73,56.2,69.8
Bhutan,2007,2.64,73.8,70.3
Bhutan,2008,2.55,80.9,70.8
Bhutan,2009,2.46,78.5,71.1
Bhutan,2010,2.38,94.2,71.6
Bolivia,1995,4.58,25.6,63.6
Bolivia,1996,4.47,28.8,64.2
Bolivia,1997,4.37,29.6,64.7
Bolivia,1998,4.27,33.3,65.3
Bolivia,1999,4.16,36.7,65.9
Bolivia,2000,4.06,36.9,66.5
Bolivia,2001,3.96,36,67.2
Bolivia,2002,3.87,37.5,67.6
Bolivia,2003,3.77,30.7,68.1
Bolivia,2004,3.68,32.6,68.5
Bolivia,2005,3.6,38.6,69
Bolivia,2006,3.51,41.3,69.4
Bolivia,2007,3.43,44.4,69.7
Bolivia,2008,3.35,55.6,70.1
Bolivia,2009,3.27,58.4,70.5
Bolivia,2010,3.2,60.6,70.8
Bosnia and Herzegovina,1995,1.71,30,66.1
Bosnia and Herzegovina,1996,1.69,41.5,73.4
Bosnia and Herzegovina,1997,1.66,39.5,74.1
Bosnia and Herzegovina,1998,1.62,40.7,75
Bosnia and Herzegovina,1999,1.56,61.9,75.2
Bosnia and Herzegovina,2000,1.5,60.9,75.3
Bosnia and Herzegovina,2001,1.43,67.1,75.5
Bosnia and Herzegovina,2002,1.37,78.8,75.5
Bosnia and Herzegovina,2003,1.33,123,76
Bosnia and Herzegovina,2004,1.3,139,76.2
Bosnia and Herzegovina,2005,1.29,145,75.9
Bosnia and Herzegovina,2006,1.29,169,76
Bosnia and Herzegovina,2007,1.29,223,75.7
Bosnia and Herzegovina,2008,1.3,294,76.1
Bosnia and Herzegovina,2009,1.3,304,76.1
Bosnia and Herzegovina,2010,1.31,307,76.3
Botswana,1995,3.95,65.3,59.9
Botswana,1996,3.84,65.6,59
Botswana,1997,3.72,77.7,57.9
Botswana,1998,3.61,71.3,56.6
Botswana,1999,3.49,75.5,55.3
Botswana,2000,3.39,94.4,54
Botswana,2001,3.29,126,52.8
Botswana,2002,3.19,145,51.9
Botswana,2003,3.11,180,51.4
Botswana,2004,3.04,346,51.6
Botswana,2005,2.99,311,52.7
Botswana,2006,2.95,291,54.2
Botswana,2007,2.92,386,55.8
Botswana,2008,2.9,407,57
Botswana,2009,2.89,442,58.4
Botswana,2010,2.88,446,60.2
Brazil,1995,2.5,136,69.3
Brazil,1996,2.49,142,69.7
Brazil,1997,2.46,153,70.2
Brazil,1998,2.43,143,70.6
Brazil,1999,2.37,103,71
Brazil,2000,2.3,107,71.4
Brazil,2001,2.23,96.3,71.8
Brazil,2002,2.16,90.7,72.1
Brazil,2003,2.1,94.8,72.3
Brazil,2004,2.03,121,72.6
Brazil,2005,1.98,156,73.1
Brazil,2006,1.93,205,73.5
Brazil,2007,1.88,255,73.7
Brazil,2008,1.85,306,74
Brazil,2009,1.82,320,74.2
Brazil,2010,1.81,466,74.4
Brunei,1995,2.93,375,72.3
Brunei,1996,2.78,519,72.7
Brunei,1997,2.63,515,73.1
Brunei,1998,2.49,482,73.4
Brunei,1999,2.36,458,73.7
Brunei,2000,2.22,477,73.8
Brunei,2001,2.12,432,74
Brunei,2002,2.03,439,74.2
Brunei,2003,1.95,488,74.4
Brunei,2004,1.89,558,74.5
Brunei,2005,1.85,582,74.7
Brunei,2006,1.82,598,74.8
Brunei,2007,1.81,662,74.9
Brunei,2008,1.81,754,75
Brunei,2009,1.82,710,75
Brunei,2010,1.84,748,75.1
Bulgaria,1995,1.34,60.5,71
Bulgaria,1996,1.28,38.5,71
Bulgaria,1997,1.23,45.8,70.4
Bulgaria,1998,1.2,57.8,70.9
Bulgaria,1999,1.18,63.9,71.5
Bulgaria,2000,1.18,59.5,71.6
Bulgaria,2001,1.19,75.5,71.9
Bulgaria,2002,1.22,94.3,72.2
Bulgaria,2003,1.26,125,72.4
Bulgaria,2004,1.3,145,72.5
Bulgaria,2005,1.34,167,72.6
Bulgaria,2006,1.38,169,72.7
Bulgaria,2007,1.42,218,73
Bulgaria,2008,1.45,278,73.3
Bulgaria,2009,1.47,256,73.6
Bulgaria,2010,1.49,237,73.8
Burkina Faso,1995,6.84,4.15,50.5
Burkina Faso,1996,6.8,4.55,50.3
Burkina Faso,1997,6.75,4.48,50.8
Burkina Faso,1998,6.7,4.98,51.4
Burkina Faso,1999,6.65,5.47,51.9
Burkina Faso,2000,6.59,4.32,52.4
Burkina Faso,2001,6.53,4.11,52.8
Burkina Faso,2002,6.47,5.56,53.4
Burkina Faso,2003,6.4,8.17,54
Burkina Faso,2004,6.34,12.2,54.6
Burkina Faso,2005,6.27,15.8,55.3
Burkina Faso,2006,6.19,14.9,55.9
Burkina Faso,2007,6.12,18,56.5
Burkina Faso,2008,6.04,21.6,57.2
Burkina Faso,2009,5.95,19.3,57.8
Burkina Faso,2010,5.87,20.3,58.3
Burundi,1995,7.29,3.01,44.3
Burundi,1996,7.24,2.87,43.9
Burundi,1997,7.18,2.41,43.6
Burundi,1998,7.13,2.33,44.3
Burundi,1999,7.07,2.08,44.6
Burundi,2000,7.01,2.01,44.9
Burundi,2001,6.95,2.3,45.7
Burundi,2002,6.89,2.01,46.6
Burundi,2003,6.82,1.65,47.5
Burundi,2004,6.76,3.44,48.7
Burundi,2005,6.69,4.67,49.7
Burundi,2006,6.62,6.17,53.8
Burundi,2007,6.53,6.65,54.9
Burundi,2008,6.45,6.81,56
Burundi,2009,6.35,6.72,56.9
Burundi,2010,6.26,7.91,57.8
Cambodia,1995,4.69,3.21,58.7
Cambodia,1996,4.5,7.43,58.8
Cambodia,1997,4.33,5.57,59.1
Cambodia,1998,4.15,3.29,59.4
Cambodia,1999,3.97,3.23,59.8
Cambodia,2000,3.81,3.81,60.2
Cambodia,2001,3.65,5.27,60.8
Cambodia,2002,3.52,6.58,61.5
Cambodia,2003,3.41,8.42,62.1
Cambodia,2004,3.31,9.26,62.9
Cambodia,2005,3.23,7.22,63.7
Cambodia,2006,3.16,7.99,64.5
Cambodia,2007,3.09,10.3,65.3
Cambodia,2008,3.02,12.7,66
Cambodia,2009,2.95,15,66.6
Cambodia,2010,2.88,16.8,67.1
Cameroon,1995,5.98,5.86,56.2
Cameroon,1996,5.89,5.97,55.9
Cameroon,1997,5.8,6.1,55.6
Cameroon,1998,5.72,5.15,55.3
Cameroon,1999,5.65,5.45,55.1
Cameroon,2000,5.58,5.53,54.8
Cameroon,2001,5.52,6.78,54.7
Cameroon,2002,5.48,8.56,54.6
Cameroon,2003,5.43,10.8,54.6
Cameroon,2004,5.39,10.4,54.6
Cameroon,2005,5.35,10.6,54.9
Cameroon,2006,5.31,10.8,55.3
Cameroon,2007,5.27,11.9,55.7
Cameroon,2008,5.22,13.1,56.3
Cameroon,2009,5.17,15.7,56.9
Cameroon,2010,5.11,18.2,57.7
Canada,1995,1.64,1300,78
Canada,1996,1.61,1290,78.2
Canada,1997,1.58,1310,78.5
Canada,1998,1.56,1300,78.7
Canada,1999,1.54,1360,78.9
Canada,2000,1.52,1470,79.2
Canada,2001,1.52,1500,79.5
Canada,2002,1.52,1560,79.6
Canada,2003,1.53,1880,79.8
Canada,2004,1.55,2130,80.1
Canada,2005,1.57,2430,80.2
Canada,2006,1.6,2730,80.6
Canada,2007,1.62,3050,80.7
Canada,2008,1.63,3260,80.8
Canada,2009,1.64,3190,81.1
Canada,2010,1.64,3680,81.4
Cape Verde,1995,4.54,50.7,69.2
Cape Verde,1996,4.38,47.3,70.4
Cape Verde,1997,4.22,44.5,70.6
Cape Verde,1998,4.07,47.5,70.8
Cape Verde,1999,3.91,46,70.7
Cape Verde,2000,3.76,42,71.2
Cape Verde,2001,3.62,48.2,71.5
Cape Verde,2002,3.48,51.9,71.7
Cape Verde,2003,3.36,59.8,72
Cape Verde,2004,3.24,78.6,72.3
Cape Verde,2005,3.13,75.6,72.5
Cape Verde,2006,3.02,95.1,72.9
Cape Verde,2007,2.93,103,73
Cape Verde,2008,2.83,114,73.7
Cape Verde,2009,2.75,111,74
Cape Verde,2010,2.67,116,74.3
Central African Republic,1995,5.62,4.86,45.4
Central African Republic,1996,5.59,3.48,45
Central African Republic,1997,5.56,4.05,44.7
Central African Republic,1998,5.54,3.4,44.6
Central African Republic,1999,5.52,3.9,44.4
Central African Republic,2000,5.5,4.13,44.3
Central African Republic,2001,5.48,3.82,44.3
Central African Republic,2002,5.46,4.39,44.4
Central African Republic,2003,5.44,4.72,44.7
Central African Republic,2004,5.41,4.9,44.9
Central African Republic,2005,5.38,4.42,45.2
Central African Republic,2006,5.35,4.84,45.6
Central African Republic,2007,5.32,5.72,46
Central African Republic,2008,5.29,6.16,46.7
Central African Republic,2009,5.25,6.25,47.4
Central African Republic,2010,5.22,6.44,48
Chad,1995,7.43,4.14,53.2
Chad,1996,7.43,4.55,52.7
Chad,1997,7.42,4.04,52.5
Chad,1998,7.41,3.77,52.3
Chad,1999,7.38,3.84,52.3
Chad,2000,7.35,4.49,52.1
Chad,2001,7.32,4.81,52.3
Chad,2002,7.27,5.59,52.5
Chad,2003,7.21,8.09,52.6
Chad,2004,7.15,8.45,53
Chad,2005,7.07,10.5,53.6
Chad,2006,6.99,7.83,53.7
Chad,2007,6.9,6.6,54.6
Chad,2008,6.8,6.04,55.1
Chad,2009,6.7,5.61,55.8
Chad,2010,6.59,7.65,56.4
Chile,1995,2.31,127,75.1
Chile,1996,2.27,142,75.4
Chile,1997,2.23,156,75.8
Chile,1998,2.18,163,76
Chile,1999,2.14,158,76.3
Chile,2000,2.11,169,76.9
Chile,2001,2.07,159,76.8
Chile,2002,2.05,157,77.3
Chile,2003,2.02,134,77.3
Chile,2004,2,167,77.5
Chile,2005,1.98,201,77.9
Chile,2006,1.96,249,78.2
Chile,2007,1.95,295,78.4
Chile,2008,1.93,337,78.8
Chile,2009,1.9,382,78.6
Chile,2010,1.88,456,78.6
China,1995,1.64,10.7,70
China,1996,1.57,12.3,70.4
China,1997,1.53,13.7,70.8
China,1998,1.5,14.8,71.3
China,1999,1.49,15.8,71.7
China,2000,1.5,16.6,72.1
China,2001,1.51,16.8,72.6
China,2002,1.52,19.4,73
China,2003,1.54,22.1,73.4
China,2004,1.55,26.6,73.7
China,2005,1.57,31.2,74.2
China,2006,1.57,38,74.9
China,2007,1.58,53.7,75.4
China,2008,1.58,78.2,75.4
China,2009,1.59,100,75.7
China,2010,1.59,118,75.8
Colombia,1995,2.66,109,72
Colombia,1996,2.6,149,72.3
Colombia,1997,2.54,175,73.2
Colombia,1998,2.48,172,73.7
Colombia,1999,2.43,157,73.9
Colombia,2000,2.39,131,74.1
Colombia,2001,2.35,125,74.3
Colombia,2002,2.31,123,73.3
Colombia,2003,2.27,123,75.1
Colombia,2004,2.24,145,75.6
Colombia,2005,2.2,178,76.4
Colombia,2006,2.16,193,76.6
Colombia,2007,2.12,239,77.3
Colombia,2008,2.08,266,77.6
Colombia,2009,2.04,278,77.7
Colombia,2010,2.01,343,78.1
Comoros,1995,5.25,13.5,59.9
Comoros,1996,5.25,12.3,59.3
Comoros,1997,5.27,10.5,60.2
Comoros,1998,5.29,8.82,60.3
Comoros,1999,5.31,7.98,61.3
Comoros,2000,5.32,5.47,61.6
Comoros,2001,5.31,4.17,62.5
Comoros,2002,5.3,6.95,62.9
Comoros,2003,5.28,9.46,63.6
Comoros,2004,5.25,11.8,64.1
Comoros,2005,5.22,13.4,64.5
Comoros,2006,5.17,15.4,64.8
Comoros,2007,5.11,19.1,65
Comoros,2008,5.05,23.2,65.8
Comoros,2009,4.99,12.6,65.4
Comoros,2010,4.92,22.3,66.5
"Congo, Dem. Rep.",1995,7.18,0.19,53.5
"Congo, Dem. Rep.",1996,7.15,0.14,51.8
"Congo, Dem. Rep.",1997,7.11,0.27,51.9
"Congo, Dem. Rep.",1998,7.06,0.23,53.1
"Congo, Dem. Rep.",1999,7.02,0.659,53.4
"Congo, Dem. Rep.",2000,6.96,0.543,53.8
"Congo, Dem. Rep.",2001,6.91,0.31,54.1
"Congo, Dem. Rep.",2002,6.86,0.27,54.3
"Congo, Dem. Rep.",2003,6.81,1.16,54.6
"Congo, Dem. Rep.",2004,6.76,1.42,55.3
"Congo, Dem. Rep.",2005,6.71,2.19,55.9
"Congo, Dem. Rep.",2006,6.66,2.78,56.3
"Congo, Dem. Rep.",2007,6.61,3.7,56.6
"Congo, Dem. Rep.",2008,6.57,6.46,56.8
"Congo, Dem. Rep.",2009,6.52,7.48,57.1
"Congo, Dem. Rep.",2010,6.47,6.7,57.9
"Congo, Rep.",1995,5.14,14.5,52.2
"Congo, Rep.",1996,5.13,15.5,52
"Congo, Rep.",1997,5.12,14,46.6
"Congo, Rep.",1998,5.11,14,50.1
"Congo, Rep.",1999,5.11,13.5,51.9
"Congo, Rep.",2000,5.1,12.5,52.8
"Congo, Rep.",2001,5.09,11.6,53.6
"Congo, Rep.",2002,5.08,11.8,54.3
"Congo, Rep.",2003,5.07,13.5,54.8
"Congo, Rep.",2004,5.05,18.4,55.6
"Congo, Rep.",2005,5.04,24.6,56.3
"Congo, Rep.",2006,5.03,31.7,57.1
"Congo, Rep.",2007,5.01,34.7,57.6
"Congo, Rep.",2008,5,38.7,58.3
"Congo, Rep.",2009,4.97,31.8,59.1
"Congo, Rep.",2010,4.95,33.8,59.8
Costa Rica,1995,2.82,168,76.3
Costa Rica,1996,2.74,169,76.8
Costa Rica,1997,2.65,163,77
Costa Rica,1998,2.56,180,77.2
Costa Rica,1999,2.46,195,77.3
Costa Rica,2000,2.37,204,77.9
Costa Rica,2001,2.29,220,78
Costa Rica,2002,2.22,236,78.3
Costa Rica,2003,2.16,243,78.4
Costa Rica,2004,2.11,246,78.5
Costa Rica,2005,2.07,253,79.3
Costa Rica,2006,2.03,283,79.2
Costa Rica,2007,2.01,353,80.2
Costa Rica,2008,1.98,413,80.2
Costa Rica,2009,1.95,449,80.3
Costa Rica,2010,1.92,553,79.4
Cote d'Ivoire,1995,6.06,8.56,51.7
Cote d'Ivoire,1996,5.99,10.6,51.6
Cote d'Ivoire,1997,5.92,11,51.7
Cote d'Ivoire,1998,5.85,10.8,51.8
Cote d'Ivoire,1999,5.78,9.9,52
Cote d'Ivoire,2000,5.71,8.35,52.3
Cote d'Ivoire,2001,5.65,5.98,52.7
Cote d'Ivoire,2002,5.58,6.93,52.9
Cote d'Ivoire,2003,5.52,7.68,53.3
Cote d'Ivoire,2004,5.47,9.35,53.7
Cote d'Ivoire,2005,5.42,7.74,54.2
Cote d'Ivoire,2006,5.38,8.51,54.9
Cote d'Ivoire,2007,5.34,13.6,55.5
Cote d'Ivoire,2008,5.3,17.1,56.3
Cote d'Ivoire,2009,5.26,12.7,57
Cote d'Ivoire,2010,5.22,12.9,57.4
Croatia,1995,1.52,280,73.1
Croatia,1996,1.51,323,73.5
Croatia,1997,1.51,255,73.4
Croatia,1998,1.49,324,73.8
Croatia,1999,1.47,325,74
Croatia,2000,1.44,325,74.5
Croatia,2001,1.42,313,74.8
Croatia,2002,1.39,300,74.9
Croatia,2003,1.38,409,74.9
Croatia,2004,1.37,498,75.5
Croatia,2005,1.38,606,75.5
Croatia,2006,1.4,680,75.8
Croatia,2007,1.41,877,75.7
Croatia,2008,1.43,1040,75.8
Croatia,2009,1.45,944,76.4
Croatia,2010,1.47,905,76.8
Cuba,1995,1.64,101,75.1
Cuba,1996,1.64,108,75.5
Cuba,1997,1.63,114,75.9
Cuba,1998,1.63,121,76.1
Cuba,1999,1.63,139,76.4
Cuba,2000,1.62,151,76.8
Cuba,2001,1.61,161,77.1
Cuba,2002,1.59,172,77.8
Cuba,2003,1.58,181,77.8
Cuba,2004,1.58,186,77.7
Cuba,2005,1.57,282,77.6
Cuba,2006,1.57,332,78.3
Cuba,2007,1.58,557,78.3
Cuba,2008,1.6,557,78.3
Cuba,2009,1.62,623,78.3
Cuba,2010,1.64,555,78.3
Cyprus,1995,2.12,253,76.8
Cyprus,1996,2.04,257,76.8
Cyprus,1997,1.95,252,76.6
Cyprus,1998,1.86,320,76.5
Cyprus,1999,1.78,333,76.7
Cyprus,2000,1.72,310,76.8
Cyprus,2001,1.66,329,77
Cyprus,2002,1.61,399,77.2
Cyprus,2003,1.58,557,77.4
Cyprus,2004,1.55,588,77.6
Cyprus,2005,1.52,589,77.9
Cyprus,2006,1.5,622,78.4
Cyprus,2007,1.48,713,78.8
Cyprus,2008,1.46,796,79.3
Cyprus,2009,1.44,745,79.7
Cyprus,2010,1.42,708,80.1
Czech Republic,1995,1.39,340,73.3
Czech Republic,1996,1.3,366,73.9
Czech Republic,1997,1.22,334,74
Czech Republic,1998,1.17,360,74.6
Czech Republic,1999,1.13,347,74.8
Czech Republic,2000,1.12,326,75
Czech Republic,2001,1.14,363,75.3
Czech Republic,2002,1.17,473,75.5
Czech Republic,2003,1.21,598,75.5
Czech Republic,2004,1.25,687,76
Czech Republic,2005,1.3,769,76.3
Czech Republic,2006,1.35,839,76.8
Czech Republic,2007,1.39,972,77
Czech Republic,2008,1.42,1220,77.2
Czech Republic,2009,1.45,1260,77.5
Czech Republic,2010,1.47,1240,77.7
Denmark,1995,1.81,2330,75.5
Denmark,1996,1.75,2370,75.8
Denmark,1997,1.75,2160,76.2
Denmark,1998,1.72,2190,76.6
Denmark,1999,1.74,2460,76.3
Denmark,2000,1.77,2190,77
Denmark,2001,1.75,2300,77.2
Denmark,2002,1.72,2550,77.2
Denmark,2003,1.76,3170,77.5
Denmark,2004,1.78,3690,77.8
Denmark,2005,1.8,3920,78.3
Denmark,2006,1.85,4240,78.3
Denmark,2007,1.85,4800,78.4
Denmark,2008,1.89,5390,78.8
Denmark,2009,1.84,5490,79
Denmark,2010,1.88,5470,79.3
Djibouti,1995,5.35,19.2,60.3
Djibouti,1996,5.15,17.9,60.3
Djibouti,1997,4.96,20.9,60.1
Djibouti,1998,4.78,26.1,60.3
Djibouti,1999,4.62,33.2,60.4
Djibouti,2000,4.48,29.6,60.5
Djibouti,2001,4.36,26.9,60.8
Djibouti,2002,4.24,27.4,60.9
Djibouti,2003,4.12,33.6,61
Djibouti,2004,3.99,29.3,61.1
Djibouti,2005,3.87,43.2,61.6
Djibouti,2006,3.74,43.9,61.5
Djibouti,2007,3.62,53.9,62.3
Djibouti,2008,3.5,56.1,62.8
Djibouti,2009,3.4,65.5,63.3
Djibouti,2010,3.3,59.8,63.8
Dominican Republic,1995,3.13,22.6,73.5
Dominican Republic,1996,3.07,26.1,73.4
Dominican Republic,1997,3.01,35,73.4
Dominican Republic,1998,2.97,44.1,73.3
Dominican Republic,1999,2.93,50.7,73.6
Dominican Republic,2000,2.89,60.4,73.9
Dominican Republic,2001,2.86,54.1,74
Dominican Republic,2002,2.84,57.5,74.1
Dominican Republic,2003,2.81,43.8,73.8
Dominican Republic,2004,2.78,36.1,73.1
Dominican Republic,2005,2.75,62.7,73.2
Dominican Republic,2006,2.72,78,73.2
Dominican Republic,2007,2.69,83.1,73.5
Dominican Republic,2008,2.66,99.7,73.8
Dominican Republic,2009,2.63,115,74
Dominican Republic,2010,2.6,140,74
Ecuador,1995,3.36,40.4,73.4
Ecuador,1996,3.29,47.4,73.3
Ecuador,1997,3.23,47.1,73.8
Ecuador,1998,3.16,32.5,73.7
Ecuador,1999,3.09,25.6,73.9
Ecuador,2000,3.03,16.7,74.2
Ecuador,2001,2.97,27,74.8
Ecuador,2002,2.91,36.3,74.3
Ecuador,2003,2.87,32.1,74.2
Ecuador,2004,2.83,37.5,74.2
Ecuador,2005,2.79,40.5,74
Ecuador,2006,2.76,48.8,74.1
Ecuador,2007,2.74,55.5,74.2
Ecuador,2008,2.71,71.6,74.2
Ecuador,2009,2.68,112,74.5
Ecuador,2010,2.66,122,74.7
Egypt,1995,3.71,17.4,66.6
Egypt,1996,3.57,19,67.1
Egypt,1997,3.46,22.7,67.4
Egypt,1998,3.37,26.3,67.8
Egypt,1999,3.29,29.4,68.2
Egypt,2000,3.23,31.8,68.7
Egypt,2001,3.18,30.7,68.5
Egypt,2002,3.13,29.6,68.4
Egypt,2003,3.09,23.4,68.4
Egypt,2004,3.05,23.8,68.6
Egypt,2005,3.02,26.8,68.8
Egypt,2006,3,33.3,68.9
Egypt,2007,3.02,34.9,69.3
Egypt,2008,3.06,42.7,69.4
Egypt,2009,3.11,44.9,69.3
Egypt,2010,3.19,46.1,69.4
El Salvador,1995,3.58,40.7,70.8
El Salvador,1996,3.48,55.3,71
El Salvador,1997,3.38,59.9,71.2
El Salvador,1998,3.26,71.6,71.2
El Salvador,1999,3.14,72.9,71.8
El Salvador,2000,3.02,79.8,72.4
El Salvador,2001,2.9,82.3,72.3
El Salvador,2002,2.79,85.5,73.1
El Salvador,2003,2.69,86.5,73
El Salvador,2004,2.6,93.4,72.5
El Salvador,2005,2.53,106,72.4
El Salvador,2006,2.47,126,72.9
El Salvador,2007,2.41,122,72.4
El Salvador,2008,2.36,128,73
El Salvador,2009,2.31,137,72.8
El Salvador,2010,2.27,146,73.4
Equatorial Guinea,1995,5.97,12.4,48.5
Equatorial Guinea,1996,5.96,13.9,49.1
Equatorial Guinea,1997,5.94,21.1,51.4
Equatorial Guinea,1998,5.91,23.2,52.8
Equatorial Guinea,1999,5.88,18.2,54.1
Equatorial Guinea,2000,5.83,21.5,55.6
Equatorial Guinea,2001,5.79,38.6,57.3
Equatorial Guinea,2002,5.73,114,58.6
Equatorial Guinea,2003,5.68,82.7,59.3
Equatorial Guinea,2004,5.62,108,59.9
Equatorial Guinea,2005,5.56,135,60.2
Equatorial Guinea,2006,5.5,185,61
Equatorial Guinea,2007,5.43,260,61.4
Equatorial Guinea,2008,5.36,418,61.6
Equatorial Guinea,2009,5.29,612,61.9
Equatorial Guinea,2010,5.21,681,62.2
Eritrea,1995,5.91,4.04,52
Eritrea,1996,5.79,2.89,52.5
Eritrea,1997,5.67,3.84,53
Eritrea,1998,5.55,4.03,53.4
Eritrea,1999,5.43,3.88,43.4
Eritrea,2000,5.33,4.33,53.3
Eritrea,2001,5.23,4.83,54.5
Eritrea,2002,5.15,3.68,55
Eritrea,2003,5.07,3.63,55.2
Eritrea,2004,5.01,3.78,55.6
Eritrea,2005,4.94,3.6,56
Eritrea,2006,4.88,3.83,56.6
Eritrea,2007,4.82,4.09,57
Eritrea,2008,4.75,5.39,57.5
Eritrea,2009,4.68,5.09,58.1
Eritrea,2010,4.61,5.74,58.6
Estonia,1995,1.43,149,67.9
Estonia,1996,1.38,194,69.8
Estonia,1997,1.34,199,70.2
Estonia,1998,1.32,193,69.8
Estonia,1999,1.31,196,70.6
Estonia,2000,1.32,169,71
Estonia,2001,1.34,174,70.8
Estonia,2002,1.38,201,71.3
Estonia,2003,1.43,279,72
Estonia,2004,1.48,345,72.5
Estonia,2005,1.54,398,72.9
Estonia,2006,1.58,459,73.1
Estonia,2007,1.62,639,73.2
Estonia,2008,1.64,836,74.3
Estonia,2009,1.65,758,75
Estonia,2010,1.64,671,76
Eswatini,1995,4.8,49.9,59.4
Eswatini,1996,4.65,49.8,57.2
Eswatini,1997,4.52,48,55
Eswatini,1998,4.39,44.1,52.6
Eswatini,1999,4.28,44.3,50.4
Eswatini,2000,4.19,42.4,48.3
Eswatini,2001,4.11,36.6,46.5
Eswatini,2002,4.04,34.5,45.4
Eswatini,2003,3.98,63.6,44.5
Eswatini,2004,3.93,68.9,43.9
Eswatini,2005,3.87,82,43.6
Eswatini,2006,3.82,97.6,43.9
Eswatini,2007,3.76,97.9,44.2
Eswatini,2008,3.69,104,44.5
Eswatini,2009,3.61,112,44.9
Eswatini,2010,3.53,129,46
Ethiopia,1995,7,1.6,49.1
Ethiopia,1996,6.94,1.61,49.7
Ethiopia,1997,6.86,1.8,50.2
Ethiopia,1998,6.77,1.99,50.6
Ethiopia,1999,6.66,2.1,50.3
Ethiopia,2000,6.53,2.85,50.8
Ethiopia,2001,6.38,3.23,53
Ethiopia,2002,6.22,2.87,53.9
Ethiopia,2003,6.04,3.43,54.8
Ethiopia,2004,5.87,3.43,55.7
Ethiopia,2005,5.69,4.14,56.8
Ethiopia,2006,5.52,4.61,57.9
Ethiopia,2007,5.36,6.7,59.2
Ethiopia,2008,5.2,7.29,60.5
Ethiopia,2009,5.06,8.33,61.7
Ethiopia,2010,4.92,8.41,62.9
Fiji,1995,3.28,62.5,66.9
Fiji,1996,3.24,71.7,66.6
Fiji,1997,3.21,76.3,66
Fiji,1998,3.17,54,66.3
Fiji,1999,3.13,60.3,65.9
Fiji,2000,3.09,67.1,65.9
Fiji,2001,3.05,53.5,66.3
Fiji,2002,3,64.4,66.6
Fiji,2003,2.95,76.5,66.7
Fiji,2004,2.91,96.2,67
Fiji,2005,2.86,107,67
Fiji,2006,2.82,113,67
Fiji,2007,2.77,113,66.9
Fiji,2008,2.74,116,67
Fiji,2009,2.7,102,67.3
Fiji,2010,2.67,108,67.4
Finland,1995,1.81,1440,76.7
Finland,1996,1.76,1440,77
Finland,1997,1.75,1330,77.2
Finland,1998,1.71,1340,77.4
Finland,1999,1.73,1330,77.6
Finland,2000,1.73,1210,77.8
Finland,2001,1.73,1280,78.2
Finland,2002,1.72,1470,78.5
Finland,2003,1.76,1920,78.7
Finland,2004,1.8,2230,78.8
Finland,2005,1.8,2370,79.1
Finland,2006,1.84,2470,79.5
Finland,2007,1.83,2780,79.5
Finland,2008,1.85,3170,79.8
Finland,2009,1.86,3050,80
Finland,2010,1.87,2990,80.2
France,1995,1.72,2180,78
France,1996,1.73,2180,78.3
France,1997,1.75,1940,78.7
France,1998,1.77,1970,78.6
France,1999,1.79,1950,78.8
France,2000,1.82,1750,79.1
France,2001,1.84,1770,79.2
France,2002,1.87,1980,79.4
France,2003,1.89,2490,79.6
France,2004,1.92,2860,80.2
France,2005,1.94,2980,80.4
France,2006,1.96,3110,80.7
France,2007,1.97,3510,81
France,2008,1.98,3840,81.1
France,2009,1.99,3770,81.2
France,2010,1.99,3650,81.4
Gabon,1995,5,51.6,60.4
Gabon,1996,4.9,60.5,60
Gabon,1997,4.81,46.8,60.2
Gabon,1998,4.72,54,60
Gabon,1999,4.63,41.1,59.7
Gabon,2000,4.54,43,59.3
Gabon,2001,4.46,44.8,59
Gabon,2002,4.39,44.4,59
Gabon,2003,4.33,67.2,58.9
Gabon,2004,4.27,73.2,58.9
Gabon,2005,4.23,69.4,59.5
Gabon,2006,4.19,81.5,59.9
Gabon,2007,4.16,103,60.6
Gabon,2008,4.14,115,61.2
Gabon,2009,4.11,127,61.9
Gabon,2010,4.08,160,62.8
Gambia,1995,6.04,6.18,61.1
Gambia,1996,6.02,5.59,61.2
Gambia,1997,6,5.29,61.2
Gambia,1998,5.98,6.97,61.5
Gambia,1999,5.97,6.89,61.5
Gambia,2000,5.95,6.34,61.7
Gambia,2001,5.93,6.81,61.9
Gambia,2002,5.91,5.91,62
Gambia,2003,5.88,7.62,62.1
Gambia,2004,5.86,9.97,62.3
Gambia,2005,5.84,10.4,62.4
Gambia,2006,5.81,10.9,62.6
Gambia,2007,5.79,10.4,62.7
Gambia,2008,5.76,12.7,63
Gambia,2009,5.74,14.3,63.3
Gambia,2010,5.71,13.3,63.6
Georgia,1995,1.88,1.51,71.3
Georgia,1996,1.81,5.36,72.1
Georgia,1997,1.75,10.6,72.5
Georgia,1998,1.69,8.88,72.6
Georgia,1999,1.64,6.65,73
Georgia,2000,1.61,7.61,73.1
Georgia,2001,1.59,9.54,73
Georgia,2002,1.59,10.3,72.4
Georgia,2003,1.6,11,72.6
Georgia,2004,1.63,14.8,72.9
Georgia,2005,1.66,23.6,73.4
Georgia,2006,1.71,30.9,73.7
Georgia,2007,1.77,33.4,73.8
Georgia,2008,1.82,51.8,72.8
Georgia,2009,1.87,55.9,72.8
Georgia,2010,1.92,64.2,72.8
Germany,1995,1.31,2540,76.7
Germany,1996,1.32,2540,77
Germany,1997,1.33,2180,77.4
Germany,1998,1.34,2180,77.8
Germany,1999,1.35,2150,78
Germany,2000,1.35,1900,78.3
Germany,2001,1.35,1900,78.6
Germany,2002,1.35,2060,78.7
Germany,2003,1.35,2520,78.8
Germany,2004,1.35,2710,79.4
Germany,2005,1.35,2780,79.7
Germany,2006,1.36,2860,79.9
Germany,2007,1.36,3230,80.1
Germany,2008,1.37,3610,80.2
Germany,2009,1.38,3630,80.3
Germany,2010,1.39,3600,80.4
Ghana,1995,5.17,11.5,59.5
Ghana,1996,5.1,11.7,59.5
Ghana,1997,5.04,11.2,59.2
Ghana,1998,4.97,11.8,59.4
Ghana,1999,4.9,10.3,59.4
Ghana,2000,4.83,6,59.4
Ghana,2001,4.75,8.65,59.4
Ghana,2002,4.68,7.24,59.5
Ghana,2003,4.61,9.21,59.6
Ghana,2004,4.55,16,59.8
Ghana,2005,4.49,23.1,60
Ghana,2006,4.44,27.1,60.2
Ghana,2007,4.39,40.9,60.4
Ghana,2008,4.35,39.8,60.8
Ghana,2009,4.31,30.9,61.2
Ghana,2010,4.27,39.9,61.6
Greece,1995,1.37,554,78.2
Greece,1996,1.36,589,78.3
Greece,1997,1.35,562,78.5
Greece,1998,1.33,549,78.6
Greece,1999,1.33,595,78.6
Greece,2000,1.32,550,78.8
Greece,2001,1.33,640,79
Greece,2002,1.34,708,79.2
Greece,2003,1.36,943,79.1
Greece,2004,1.38,1070,79.1
Greece,2005,1.4,1260,79.3
Greece,2006,1.42,1420,79.6
Greece,2007,1.44,1620,79.4
Greece,2008,1.44,1850,79.8
Greece,2009,1.43,1860,80
Greece,2010,1.41,1620,80.3
Grenada,1995,3.12,82.9,71.7
Grenada,1996,2.99,88.3,72.2
Grenada,1997,2.87,95.3,72.7
Grenada,1998,2.76,106,73.1
Grenada,1999,2.67,139,73.6
Grenada,2000,2.58,177,73.9
Grenada,2001,2.51,231,74.1
Grenada,2002,2.46,187,74.2
Grenada,2003,2.41,177,74.4
Grenada,2004,2.37,158,74
Grenada,2005,2.34,197,74.5
Grenada,2006,2.32,217,74.5
Grenada,2007,2.3,212,74.5
Grenada,2008,2.28,214,74.4
Grenada,2009,2.26,227,74.2
Grenada,2010,2.24,198,74.1
Guatemala,1995,5.09,19.3,65.8
Guatemala,1996,4.99,19,67.2
Guatemala,1997,4.9,23.7,66.8
Guatemala,1998,4.8,35.4,66.8
Guatemala,1999,4.7,39,68.1
Guatemala,2000,4.6,37.7,68
Guatemala,2001,4.49,38.8,68.6
Guatemala,2002,4.37,38.6,69.3
Guatemala,2003,4.25,42.3,69.4
Guatemala,2004,4.11,42.1,69.7
Guatemala,2005,3.97,46,69.5
Guatemala,2006,3.83,56.5,69.9
Guatemala,2007,3.7,61.4,70.9
Guatemala,2008,3.58,68.5,71.4
Guatemala,2009,3.47,68.8,71.3
Guatemala,2010,3.38,68.7,71.7
Guinea,1995,6.39,5.54,53.4
Guinea,1996,6.33,5.24,53.8
Guinea,1997,6.27,5.33,54.1
Guinea,1998,6.21,4.2,54.3
Guinea,1999,6.15,4.35,54.5
Guinea,2000,6.08,3.93,54.4
Guinea,2001,6.02,4.31,54.8
Guinea,2002,5.95,4.56,55.2
Guinea,2003,5.88,5.23,55.5
Guinea,2004,5.8,3.71,55.7
Guinea,2005,5.73,1.83,55.9
Guinea,2006,5.65,2.16,56.1
Guinea,2007,5.58,1.82,56.3
Guinea,2008,5.5,3.6,56.7
Guinea,2009,5.42,2.06,56.9
Guinea,2010,5.34,2.6,57.4
Guinea-Bissau,1995,6.29,6.31,50.4
Guinea-Bissau,1996,6.2,6.15,50.7
Guinea-Bissau,1997,6.11,5.37,50.3
Guinea-Bissau,1998,6.01,3.82,50.2
Guinea-Bissau,1999,5.91,2.69,50.9
Guinea-Bissau,2000,5.82,1.74,52
Guinea-Bissau,2001,5.73,1.49,52.3
Guinea-Bissau,2002,5.64,3.96,52.6
Guinea-Bissau,2003,5.56,4.7,52.9
Guinea-Bissau,2004,5.47,3.39,53.2
Guinea-Bissau,2005,5.39,3.74,53.2
Guinea-Bissau,2006,5.31,3.65,53.9
Guinea-Bissau,2007,5.24,4.44,54.3
Guinea-Bissau,2008,5.17,5.07,54.7
Guinea-Bissau,2009,5.11,5.08,55.3
Guinea-Bissau,2010,5.05,4.7,55.9
Guyana,1995,3.07,32.9,66.2
Guyana,1996,3.07,36.2,65.8
Guyana,1997,3.06,40.9,66.2
Guyana,1998,3.05,39.4,66.3
Guyana,1999,3.04,33.9,66.7
Guyana,2000,3.02,44.8,66.2
Guyana,2001,2.99,43.4,66.2
Guyana,2002,2.96,46.1,66.2
Guyana,2003,2.92,44.2,66.5
Guyana,2004,2.88,58.8,66.8
Guyana,2005,2.84,66.6,66.6
Guyana,2006,2.8,76.8,67.2
Guyana,2007,2.76,69.8,67.7
Guyana,2008,2.72,139,68
Guyana,2009,2.68,144,68.6
Guyana,2010,2.66,136,68
Haiti,1995,4.89,9.24,55
Haiti,1996,4.78,9.09,55.4
Haiti,1997,4.67,9.68,55.7
Haiti,1998,4.55,9.15,56.2
Haiti,1999,4.43,8.17,56.8
Haiti,2000,4.3,7.12,57.4
Haiti,2001,4.18,5.88,57.9
Haiti,2002,4.07,4.29,58.5
Haiti,2003,3.96,3.02,58.9
Haiti,2004,3.85,4.16,58.8
Haiti,2005,3.76,4.17,59.8
Haiti,2006,3.67,6.98,60.2
Haiti,2007,3.58,8.24,60.6
Haiti,2008,3.49,8.92,60.9
Haiti,2009,3.41,8.73,61.5
Haiti,2010,3.33,9.95,32.5
Hungary,1995,1.56,271,70
Hungary,1996,1.49,257,70.7
Hungary,1997,1.43,251,71
Hungary,1998,1.37,251,70.9
Hungary,1999,1.33,250,71
Hungary,2000,1.31,231,71.8
Hungary,2001,1.29,259,72.4
Hungary,2002,1.29,348,72.5
Hungary,2003,1.29,502,72.6
Hungary,2004,1.3,588,72.9
Hungary,2005,1.3,657,72.9
Hungary,2006,1.31,659,73.3
Hungary,2007,1.32,720,73.5
Hungary,2008,1.32,794,74
Hungary,2009,1.33,667,74.2
Hungary,2010,1.33,654,74.6
Iceland,1995,2.13,1870,78.3
Iceland,1996,2.1,1900,78.8
Iceland,1997,2.07,2250,79
Iceland,1998,2.05,2250,79.4
Iceland,1999,2.02,2680,79.8
Iceland,2000,2.01,2470,80.1
Iceland,2001,2,2180,80.4
Iceland,2002,2.01,2660,80.8
Iceland,2003,2.02,3300,81.1
Iceland,2004,2.04,3720,81.2
Iceland,2005,2.07,4350,81.4
Iceland,2006,2.09,4240,81.7
Iceland,2007,2.1,5120,81.9
Iceland,2008,2.1,4120,82
Iceland,2009,2.09,3040,82.1
Iceland,2010,2.07,3000,82.4
India,1995,3.65,4.1,61.8
India,1996,3.58,4.08,62.1
India,1997,3.51,4.61,62
India,1998,3.45,4.71,62.1
India,1999,3.38,5.1,62.6
India,2000,3.31,5.08,62.9
India,2001,3.24,4.99,63.3
India,2002,3.18,4.88,63.9
India,2003,3.11,5.39,64.5
India,2004,3.04,6.01,65.2
India,2005,2.97,7.32,65.5
India,2006,2.9,8.21,65.8
India,2007,2.82,10.4,66
India,2008,2.75,11.9,66.2
India,2009,2.67,13.4,66.5
India,2010,2.6,15.8,66.7
Indonesia,1995,2.69,7.08,66
Indonesia,1996,2.63,8.17,66.4
Indonesia,1997,2.58,7.12,66.7
Indonesia,1998,2.54,3.26,66.9
Indonesia,1999,2.52,5.25,67
Indonesia,2000,2.51,5.47,67.3
Indonesia,2001,2.51,7.15,67.6
Indonesia,2002,2.51,7.61,67.8
Indonesia,2003,2.51,10.7,68
Indonesia,2004,2.52,10.7,66.5
Indonesia,2005,2.51,11.5,68.5
Indonesia,2006,2.51,16.4,68.7
Indonesia,2007,2.51,23.1,69
Indonesia,2008,2.5,24.8,69.2
Indonesia,2009,2.49,26,69.4
Indonesia,2010,2.48,37.7,69.7
Iran,1995,3.22,30.5,72.1
Iran,1996,2.96,40.8,72.5
Iran,1997,2.73,53.4,72.7
Iran,1998,2.53,65.1,73.1
Iran,1999,2.36,75.3,73.3
Iran,2000,2.21,96.2,73.6
Iran,2001,2.09,128,73.7
Iran,2002,2,44.8,73.8
Iran,2003,1.93,44.3,72.9
Iran,2004,1.87,50.8,74.2
Iran,2005,1.83,69,74.3
Iran,2006,1.81,80.8,74.5
Iran,2007,1.79,98.1,74.7
Iran,2008,1.78,128,74.9
Iran,2009,1.77,118,75
Iran,2010,1.77,127,75.2
Ireland,1995,1.9,897,75.6
Ireland,1996,1.91,950,75.9
Ireland,1997,1.92,1050,76
Ireland,1998,1.93,1090,76.2
Ireland,1999,1.94,1170,76.3
Ireland,2000,1.95,1170,76.6
Ireland,2001,1.96,1390,77.2
Ireland,2002,1.96,1680,77.7
Ireland,2003,1.97,2220,78.2
Ireland,2004,1.98,2670,78.5
Ireland,2005,1.98,2840,79
Ireland,2006,1.99,3010,79.3
Ireland,2007,1.99,3500,79.6
Ireland,2008,2,4020,79.7
Ireland,2009,2,3530,79.8
Ireland,2010,2,2930,80.7
Israel,1995,2.92,887,77.7
Israel,1996,2.92,981,77.9
Israel,1997,2.92,1000,78.1
Israel,1998,2.92,917,78.2
Israel,1999,2.92,873,78.5
Israel,2000,2.92,932,78.7
Israel,2001,2.92,950,78.9
Israel,2002,2.91,865,78.7
Israel,2003,2.91,860,79.4
Israel,2004,2.91,881,79.8
Israel,2005,2.91,898,80.1
Israel,2006,2.92,930,80.3
Israel,2007,2.93,1030,80.6
Israel,2008,2.95,1250,80.9
Israel,2009,2.97,1210,81.3
Israel,2010,3,1320,81.8
Italy,1995,1.24,1020,78.1
Italy,1996,1.23,1150,78.4
Italy,1997,1.23,1140,78.7
Italy,1998,1.23,1160,78.8
Italy,1999,1.24,1160,79.2
Italy,2000,1.25,1130,79.6
Italy,2001,1.27,1200,79.8
Italy,2002,1.29,1330,80.1
Italy,2003,1.31,1630,80.1
Italy,2004,1.34,1950,80.7
Italy,2005,1.36,2070,80.9
Italy,2006,1.38,2180,81.2
Italy,2007,1.4,2370,81.4
Italy,2008,1.41,2690,81.5
Italy,2009,1.42,2590,81.7
Italy,2010,1.43,2520,82
Jamaica,1995,2.77,50.8,74.2
Jamaica,1996,2.74,73.9,74.1
Jamaica,1997,2.7,99.9,74
Jamaica,1998,2.67,103,73.9
Jamaica,1999,2.62,81.3,73.7
Jamaica,2000,2.58,99.7,74
Jamaica,2001,2.53,77.3,74.2
Jamaica,2002,2.48,103,75
Jamaica,2003,2.44,82.1,75.9
Jamaica,2004,2.4,104,76.5
Jamaica,2005,2.36,83.2,77.2
Jamaica,2006,2.33,102,77.3
Jamaica,2007,2.29,120,76.4
Jamaica,2008,2.25,146,75.6
Jamaica,2009,2.21,126,75
Jamaica,2010,2.17,132,75.8
Japan,1995,1.41,2380,80
Japan,1996,1.39,2140,80.5
Japan,1997,1.37,1920,80.8
Japan,1998,1.35,1790,80.8
Japan,1999,1.34,2100,81
Japan,2000,1.32,2290,81.4
Japan,2001,1.31,2080,81.7
Japan,2002,1.3,1990,82
Japan,2003,1.3,2170,82.1
Japan,2004,1.3,2350,82.3
Japan,2005,1.31,2390,82.3
Japan,2006,1.32,2220,82.6
Japan,2007,1.33,2260,82.8
Japan,2008,1.34,2630,82.9
Japan,2009,1.36,3090,83.1
Japan,2010,1.37,3360,83.1
Jordan,1995,4.61,79,71.6
Jordan,1996,4.47,79,71.7
Jordan,1997,4.35,85,71.9
Jordan,1998,4.23,89.6,72.1
Jordan,1999,4.13,85.6,72.4
Jordan,2000,4.03,81.3,72.8
Jordan,2001,3.95,87.5,73.1
Jordan,2002,3.88,92.9,73.4
Jordan,2003,3.83,91.8,74
Jordan,2004,3.78,107,74.4
Jordan,2005,3.75,108,74.6
Jordan,2006,3.73,120,75
Jordan,2007,3.71,151,75.8
Jordan,2008,3.69,204,76.6
Jordan,2009,3.68,262,77.2
Jordan,2010,3.66,242,77.6
Kazakhstan,1995,2.24,30.9,64.6
Kazakhstan,1996,2.13,36.9,64.4
Kazakhstan,1997,2.05,43,64.8
Kazakhstan,1998,1.98,44.9,65.4
Kazakhstan,1999,1.94,25.7,66
Kazakhstan,2000,1.92,25.9,65.5
Kazakhstan,2001,1.94,29.2,65.5
Kazakhstan,2002,1.99,32,65.5
Kazakhstan,2003,2.07,41.5,65.3
Kazakhstan,2004,2.16,65.8,65.3
Kazakhstan,2005,2.26,94.9,65.3
Kazakhstan,2006,2.37,122,65.5
Kazakhstan,2007,2.47,121,66.2
Kazakhstan,2008,2.55,193,67.2
Kazakhstan,2009,2.62,193,68.2
Kazakhstan,2010,2.67,234,68.4
Kenya,1995,5.46,6.52,58.1
Kenya,1996,5.4,7.11,57.4
Kenya,1997,5.35,7.25,56.6
Kenya,1998,5.3,9.47,56
Kenya,1999,5.24,7.08,55.8
Kenya,2000,5.18,8.81,55.6
Kenya,2001,5.11,8.37,55.7
Kenya,2002,5.04,7.76,55.8
Kenya,2003,4.98,8.51,56
Kenya,2004,4.91,8.33,56.4
Kenya,2005,4.84,9.69,56.9
Kenya,2006,4.76,11.5,57.6
Kenya,2007,4.68,13.6,58.4
Kenya,2008,4.58,13.1,59.3
Kenya,2009,4.48,15.4,60.2
Kenya,2010,4.37,16.3,61.2
Kiribati,1995,4.37,66.9,58.7
Kiribati,1996,4.3,76.1,59
Kiribati,1997,4.24,77.9,59.1
Kiribati,1998,4.17,55.1,59.2
Kiribati,1999,4.11,72.2,59.2
Kiribati,2000,4.06,60.9,59.3
Kiribati,2001,4.02,62.6,59.5
Kiribati,2002,3.98,71,59.6
Kiribati,2003,3.95,96.1,59.8
Kiribati,2004,3.93,112,59.9
Kiribati,2005,3.91,109,60.1
Kiribati,2006,3.9,105,60.3
Kiribati,2007,3.88,148,60.5
Kiribati,2008,3.87,144,60.6
Kiribati,2009,3.86,134,60.8
Kiribati,2010,3.84,131,60.9
Kuwait,1995,2.72,515,79
Kuwait,1996,2.8,533,79.2
Kuwait,1997,2.86,534,78.7
Kuwait,1998,2.9,515,78.8
Kuwait,1999,2.89,473,78.6
Kuwait,2000,2.85,370,78.6
Kuwait,2001,2.77,510,79.3
Kuwait,2002,2.69,524,79.4
Kuwait,2003,2.62,583,79.5
Kuwait,2004,2.55,596,79.3
Kuwait,2005,2.5,678,79.2
Kuwait,2006,2.45,789,79.2
Kuwait,2007,2.4,787,79.5
Kuwait,2008,2.34,874,79.6
Kuwait,2009,2.28,1350,80.2
Kuwait,2010,2.22,983,81.2
Kyrgyz Republic,1995,3.3,12.9,65.4
Kyrgyz Republic,1996,3.16,12.3,65.7
Kyrgyz Republic,1997,3.02,10.7,66
Kyrgyz Republic,1998,2.88,12,66.2
Kyrgyz Republic,1999,2.76,7.41,66.7
Kyrgyz Republic,2000,2.66,5.73,66.9
Kyrgyz Republic,2001,2.58,6.03,67
Kyrgyz Republic,2002,2.54,6.9,67
Kyrgyz Republic,2003,2.52,7.89,67
Kyrgyz Republic,2004,2.54,10,67.1
Kyrgyz Republic,2005,2.58,11.6,67.1
Kyrgyz Republic,2006,2.65,16.5,67.2
Kyrgyz Republic,2007,2.73,23.9,67.7
Kyrgyz Republic,2008,2.82,27.3,68.4
Kyrgyz Republic,2009,2.91,30.3,69.3
Kyrgyz Republic,2010,2.98,30.1,69.7
Lao,1995,5.39,9.11,54.3
Lao,1996,5.17,10.2,54.8
Lao,1997,4.94,12.7,55.4
Lao,1998,4.72,6.96,55.9
Lao,1999,4.51,3.21,56.5
Lao,2000,4.31,3.8,57.1
Lao,2001,4.14,3.61,57.6
Lao,2002,3.98,3.46,58.4
Lao,2003,3.85,4.59,59
Lao,2004,3.72,3.36,59.7
Lao,2005,3.62,2.58,60.3
Lao,2006,3.52,3.11,61
Lao,2007,3.42,3.31,61.7
Lao,2008,3.33,9.55,62.4
Lao,2009,3.24,11.1,63.1
Lao,2010,3.15,15.4,63.8
Latvia,1995,1.36,76.4,66.9
Latvia,1996,1.27,81.3,69.2
Latvia,1997,1.22,89.3,69.9
Latvia,1998,1.18,104,69.4
Latvia,1999,1.17,115,70.2
Latvia,2000,1.18,107,70.7
Latvia,2001,1.21,110,70.2
Latvia,2002,1.25,129,70.5
Latvia,2003,1.3,156,70.9
Latvia,2004,1.35,219,71.2
Latvia,2005,1.4,252,70.8
Latvia,2006,1.43,379,70.3
Latvia,2007,1.46,536,70.8
Latvia,2008,1.49,609,72.1
Latvia,2009,1.5,466,72.8
Latvia,2010,1.51,439,73.2
Lebanon,1995,2.62,102,73.3
Lebanon,1996,2.54,123,73.7
Lebanon,1997,2.47,152,74.2
Lebanon,1998,2.39,149,74.6
Lebanon,1999,2.31,143,75.1
Lebanon,2000,2.23,148,75.4
Lebanon,2001,2.13,162,75.7
Lebanon,2002,2.04,186,75.9
Lebanon,2003,1.94,170,76.1
Lebanon,2004,1.84,195,76.3
Lebanon,2005,1.75,198,76.4
Lebanon,2006,1.68,190,76.2
Lebanon,2007,1.63,212,76.6
Lebanon,2008,1.6,241,76.7
Lebanon,2009,1.6,259,77
Lebanon,2010,1.61,255,77.2
Lesotho,1995,4.55,17.1,56.7
Lesotho,1996,4.48,16.9,55.4
Lesotho,1997,4.39,14.4,53.9
Lesotho,1998,4.3,14.1,52
Lesotho,1999,4.2,13.4,50.5
Lesotho,2000,4.09,13.6,48.9
Lesotho,2001,3.97,15.5,47.7
Lesotho,2002,3.86,12.5,46.5
Lesotho,2003,3.74,19.3,45.6
Lesotho,2004,3.64,23.8,44.8
Lesotho,2005,3.55,21.9,44.4
Lesotho,2006,3.47,28.6,44.2
Lesotho,2007,3.41,42.5,44.5
Lesotho,2008,3.37,46.5,45.1
Lesotho,2009,3.33,55.7,46.5
Lesotho,2010,3.3,83,47.8
Libya,1995,3.64,92.8,73.1
Libya,1996,3.44,91.5,71.9
Libya,1997,3.27,90.3,73.2
Libya,1998,3.11,111,73.2
Libya,1999,2.98,108,73.2
Libya,2000,2.86,124,73.2
Libya,2001,2.75,143,73.3
Libya,2002,2.67,118,73.4
Libya,2003,2.6,121,73.8
Libya,2004,2.54,129,73.9
Libya,2005,2.49,138,74
Libya,2006,2.46,147,74.5
Libya,2007,2.44,224,74.8
Libya,2008,2.43,330,74.4
Libya,2009,2.42,283,73.6
Libya,2010,2.41,333,73.4
Lithuania,1995,1.64,73.9,69.2
Lithuania,1996,1.57,92,70.4
Lithuania,1997,1.5,118,71.4
Lithuania,1998,1.44,146,71.7
Lithuania,1999,1.38,145,72.2
Lithuania,2000,1.34,148,72.3
Lithuania,2001,1.31,160,71.8
Lithuania,2002,1.29,197,72.2
Lithuania,2003,1.29,267,72.2
Lithuania,2004,1.3,253,72.1
Lithuania,2005,1.32,302,71.4
Lithuania,2006,1.35,384,71
Lithuania,2007,1.39,529,70.7
Lithuania,2008,1.43,677,71.6
Lithuania,2009,1.47,614,73.1
Lithuania,2010,1.51,574,73.3
Luxembourg,1995,1.71,2600,76.4
Luxembourg,1996,1.72,2610,76.6
Luxembourg,1997,1.72,2290,76.9
Luxembourg,1998,1.72,2390,77.3
Luxembourg,1999,1.71,2580,77.7
Luxembourg,2000,1.7,2960,78
Luxembourg,2001,1.68,2850,78.3
Luxembourg,2002,1.67,3580,78.4
Luxembourg,2003,1.66,4170,78.7
Luxembourg,2004,1.65,5180,79
Luxembourg,2005,1.64,5470,79.4
Luxembourg,2006,1.63,5940,79.7
Luxembourg,2007,1.62,6410,80.1
Luxembourg,2008,1.61,6770,80.5
Luxembourg,2009,1.59,6940,80.7
Luxembourg,2010,1.58,6910,80.8
Madagascar,1995,5.98,3.61,57.1
Madagascar,1996,5.91,5.5,57.4
Madagascar,1997,5.84,5.25,57.7
Madagascar,1998,5.75,4.98,58
Madagascar,1999,5.65,4.88,58.6
Madagascar,2000,5.55,6.23,58.9
Madagascar,2001,5.45,7.58,59.6
Madagascar,2002,5.34,6.95,59.8
Madagascar,2003,5.24,7.34,60
Madagascar,2004,5.14,5.99,60.2
Madagascar,2005,5.05,6.92,60.7
Madagascar,2006,4.96,7.92,61.1
Madagascar,2007,4.87,10.6,61.4
Madagascar,2008,4.78,14.9,61.5
Madagascar,2009,4.69,11.5,61.5
Madagascar,2010,4.6,9.59,61.7
Malawi,1995,6.42,2.64,45.6
Malawi,1996,6.36,2.86,45.1
Malawi,1997,6.31,4.13,44.7
Malawi,1998,6.26,3.1,44.4
Malawi,1999,6.2,3.7,44.3
Malawi,2000,6.15,4.31,44.6
Malawi,2001,6.1,3.3,44.9
Malawi,2002,6.05,6.56,45.3
Malawi,2003,6,9.14,46
Malawi,2004,5.96,12,46.7
Malawi,2005,5.9,13,47.5
Malawi,2006,5.83,14.6,48.5
Malawi,2007,5.73,12.7,49.7
Malawi,2008,5.61,13.3,51.1
Malawi,2009,5.47,16.5,52.5
Malawi,2010,5.31,15.4,54.2
Malaysia,1995,3.31,74.7,71.9
Malaysia,1996,3.24,84.2,72.1
Malaysia,1997,3.15,72.9,72.4
Malaysia,1998,3.04,56.8,72.7
Malaysia,1999,2.91,62.9,72.6
Malaysia,2000,2.78,73.5,72.8
Malaysia,2001,2.66,84.3,73.2
Malaysia,2002,2.54,89.3,73.4
Malaysia,2003,2.44,114,73.4
Malaysia,2004,2.36,108,73.7
Malaysia,2005,2.29,97.9,74
Malaysia,2006,2.25,129,74.3
Malaysia,2007,2.22,143,74.5
Malaysia,2008,2.19,169,74.3
Malaysia,2009,2.17,176,74.1
Malaysia,2010,2.15,204,74.4
Maldives,1995,4.3,58.8,68.4
Maldives,1996,3.98,63.9,69.2
Maldives,1997,3.67,69.5,69.9
Maldives,1998,3.4,72.1,70.6
Maldives,1999,3.16,81.9,71.4
Maldives,2000,2.94,94.8,72.3
Maldives,2001,2.77,88.5,73
Maldives,2002,2.63,87.7,73.8
Maldives,2003,2.51,110,74.5
Maldives,2004,2.42,133,73.8
Maldives,2005,2.34,174,75.6
Maldives,2006,2.29,207,76.2
Maldives,2007,2.26,222,76.8
Maldives,2008,2.24,316,77.5
Maldives,2009,2.24,216,78.5
Maldives,2010,2.23,231,79.2
Mali,1995,7.06,7.53,51.2
Mali,1996,7.02,8.54,51.5
Mali,1997,6.98,6.58,51.1
Mali,1998,6.95,5.85,50.8
Mali,1999,6.92,4.87,52.9
Mali,2000,6.9,4.87,53.3
Mali,2001,6.88,7.45,54
Mali,2002,6.86,6.75,54.5
Mali,2003,6.84,9.4,55.3
Mali,2004,6.82,12.1,56
Mali,2005,6.79,11.7,56.7
Mali,2006,6.76,12.8,57.2
Mali,2007,6.72,14.2,57.8
Mali,2008,6.67,15.6,58.4
Mali,2009,6.61,15.6,59
Mali,2010,6.55,14.8,59.4
Malta,1995,1.97,399,77.6
Malta,1996,1.93,437,77.8
Malta,1997,1.89,442,78
Malta,1998,1.83,466,78.2
Malta,1999,1.75,459,78.3
Malta,2000,1.67,466,78.5
Malta,2001,1.6,468,78.7
Malta,2002,1.53,584,79
Malta,2003,1.47,752,79.1
Malta,2004,1.42,855,79.2
Malta,2005,1.4,957,79.3
Malta,2006,1.38,1000,79.5
Malta,2007,1.38,1060,79.6
Malta,2008,1.38,1040,79.9
Malta,2009,1.38,1080,80.2
Malta,2010,1.39,1110,80.4
Mauritania,1995,5.77,17.4,61.4
Mauritania,1996,5.7,11.4,61.7
Mauritania,1997,5.64,11.7,62.2
Mauritania,1998,5.58,14.2,62.6
Mauritania,1999,5.51,18.7,63.1
Mauritania,2000,5.45,16.1,63.5
Mauritania,2001,5.39,11.7,63.9
Mauritania,2002,5.34,16.2,64.4
Mauritania,2003,5.28,15.2,64.9
Mauritania,2004,5.23,18.6,65.3
Mauritania,2005,5.18,18.6,65.7
Mauritania,2006,5.14,19.1,66.4
Mauritania,2007,5.1,22.4,66.9
Mauritania,2008,5.06,24.4,67.4
Mauritania,2009,5.02,20,67.8
Mauritania,2010,4.98,22.7,68.2
Mauritius,1995,2.14,70.3,71
Mauritius,1996,2.1,73.2,71
Mauritius,1997,2.07,68.9,71
Mauritius,1998,2.04,69.5,71.6
Mauritius,1999,2.01,68.2,71.8
Mauritius,2000,1.99,75.5,72.2
Mauritius,2001,1.96,75.3,72.4
Mauritius,2002,1.94,85.1,72.4
Mauritius,2003,1.9,99.5,72.7
Mauritius,2004,1.87,120,73
Mauritius,2005,1.82,111,72.9
Mauritius,2006,1.78,110,73
Mauritius,2007,1.72,114,73.4
Mauritius,2008,1.67,134,73.5
Mauritius,2009,1.62,142,73.6
Mauritius,2010,1.58,187,74
"Micronesia, Fed. Sts.",1995,4.66,180,64.6
"Micronesia, Fed. Sts.",1996,4.61,165,64.8
"Micronesia, Fed. Sts.",1997,4.54,140,65
"Micronesia, Fed. Sts.",1998,4.47,132,65.2
"Micronesia, Fed. Sts.",1999,4.39,146,65.4
"Micronesia, Fed. Sts.",2000,4.3,160,65.2
"Micronesia, Fed. Sts.",2001,4.2,179,65.9
"Micronesia, Fed. Sts.",2002,4.11,166,65.1
"Micronesia, Fed. Sts.",2003,4.01,204,66.4
"Micronesia, Fed. Sts.",2004,3.91,217,66.5
"Micronesia, Fed. Sts.",2005,3.82,258,66.6
"Micronesia, Fed. Sts.",2006,3.74,254,66.7
"Micronesia, Fed. Sts.",2007,3.66,259,66.8
"Micronesia, Fed. Sts.",2008,3.59,277,66.8
"Micronesia, Fed. Sts.",2009,3.52,305,66.9
"Micronesia, Fed. Sts.",2010,3.46,334,67
Moldova,1995,1.9,19.3,65.8
Moldova,1996,1.81,26.4,66.6
Moldova,1997,1.72,27.4,67.9
Moldova,1998,1.62,17.4,68.6
Moldova,1999,1.53,8.16,68.6
Moldova,2000,1.44,11.4,68.6
Moldova,2001,1.35,13.1,68.9
Moldova,2002,1.29,18.5,69.1
Moldova,2003,1.25,21.8,69.2
Moldova,2004,1.22,30.1,69.1
Moldova,2005,1.22,34.7,68.7
Moldova,2006,1.23,44.9,68.9
Moldova,2007,1.24,60.5,69.3
Moldova,2008,1.26,91.4,69.6
Moldova,2009,1.27,92.4,69.6
Moldova,2010,1.27,87.2,69.8
Mongolia,1995,2.74,15.4,60.5
Mongolia,1996,2.57,17.6,60.5
Mongolia,1997,2.43,15.4,60.8
Mongolia,1998,2.31,15.1,61.2
Mongolia,1999,2.22,14.7,61.6
Mongolia,2000,2.14,17.7,62
Mongolia,2001,2.1,19.9,62.4
Mongolia,2002,2.08,21.5,62.8
Mongolia,2003,2.08,21.8,63.2
Mongolia,2004,2.11,26,63.5
Mongolia,2005,2.17,26.3,63.9
Mongolia,2006,2.24,33.8,64.4
Mongolia,2007,2.33,48.5,65
Mongolia,2008,2.43,68.1,65.5
Mongolia,2009,2.54,53,65.6
Mongolia,2010,2.64,66.2,66
Montenegro,1995,1.98,98.5,74.3
Montenegro,1996,1.95,72.1,74.1
Montenegro,1997,1.93,72,73.8
Montenegro,1998,1.91,73.7,73.8
Montenegro,1999,1.89,71.6,73.8
Montenegro,2000,1.88,80.7,73.9
Montenegro,2001,1.87,110,74
Montenegro,2002,1.86,120,74.2
Montenegro,2003,1.85,181,74.3
Montenegro,2004,1.85,207,74.4
Montenegro,2005,1.84,217,74.5
Montenegro,2006,1.83,242,74.7
Montenegro,2007,1.82,317,75
Montenegro,2008,1.81,404,75.3
Montenegro,2009,1.79,443,75.7
Montenegro,2010,1.77,389,76
Morocco,1995,3.3,15.4,67.9
Morocco,1996,3.16,16.4,68.2
Morocco,1997,3.04,13.8,68.3
Morocco,1998,2.93,16.1,68.7
Morocco,1999,2.85,16.1,68.9
Morocco,2000,2.78,15.8,69.3
Morocco,2001,2.72,18.5,69.7
Morocco,2002,2.68,18.9,70
Morocco,2003,2.64,23.4,70.3
Morocco,2004,2.61,27.1,70.5
Morocco,2005,2.59,28.1,70.8
Morocco,2006,2.57,36.6,71.1
Morocco,2007,2.56,45.6,71.4
Morocco,2008,2.56,54.3,71.6
Morocco,2009,2.57,58.7,71.9
Morocco,2010,2.58,56.2,72.1
Mozambique,1995,5.96,4.88,50.6
Mozambique,1996,5.92,5.13,50.6
Mozambique,1997,5.88,6.68,50.5
Mozambique,1998,5.85,7.42,50.6
Mozambique,1999,5.83,9.12,50.6
Mozambique,2000,5.82,10.2,50.5
Mozambique,2001,5.81,8.65,50.6
Mozambique,2002,5.8,9.82,50.5
Mozambique,2003,5.78,9.72,50.6
Mozambique,2004,5.76,9.91,50.6
Mozambique,2005,5.74,13.6,50.6
Mozambique,2006,5.71,13.2,50.6
Mozambique,2007,5.67,13,50.8
Mozambique,2008,5.64,12.9,51.3
Mozambique,2009,5.6,16.8,51.7
Mozambique,2010,5.56,15.3,52
Myanmar,1995,3.04,0.49,56.9
Myanmar,1996,2.99,0.4,57.2
Myanmar,1997,2.97,0.28,57.6
Myanmar,1998,2.95,0.2,57.9
Myanmar,1999,2.93,0.27,58.3
Myanmar,2000,2.91,0.45,58.7
Myanmar,2001,2.89,0.31,59.1
Myanmar,2002,2.87,0.46,59.6
Myanmar,2003,2.83,0.49,60.1
Myanmar,2004,2.78,0.667,60.6
Myanmar,2005,2.72,0.46,61.2
Myanmar,2006,2.66,0.836,61.9
Myanmar,2007,2.59,0.882,62.5
Myanmar,2008,2.53,1.18,57.6
Myanmar,2009,2.47,1.62,64
Myanmar,2010,2.41,2.09,64.8
Namibia,1995,4.59,93.7,59.8
Namibia,1996,4.47,97.6,58.9
Namibia,1997,4.35,102,57.9
Namibia,1998,4.23,93.4,56.8
Namibia,1999,4.12,93.5,55.7
Namibia,2000,4.02,86.9,54.5
Namibia,2001,3.93,63.6,53.9
Namibia,2002,3.84,60.9,53.1
Namibia,2003,3.77,91.4,52.6
Namibia,2004,3.71,104,52.4
Namibia,2005,3.67,125,52.6
Namibia,2006,3.64,118,53.3
Namibia,2007,3.62,154,54.5
Namibia,2008,3.61,150,56
Namibia,2009,3.61,163,57.3
Namibia,2010,3.61,211,59
Nepal,1995,4.72,1.6,62
Nepal,1996,4.6,1.67,62.8
Nepal,1997,4.47,2.23,63.6
Nepal,1998,4.33,2.38,64.3
Nepal,1999,4.18,2.1,65.1
Nepal,2000,4.03,2.48,65.7
Nepal,2001,3.88,3.55,66.4
Nepal,2002,3.72,3.58,66.5
Nepal,2003,3.58,3.54,67.3
Nepal,2004,3.43,4.75,67.5
Nepal,2005,3.29,5.73,68
Nepal,2006,3.15,7.03,68.3
Nepal,2007,3.01,6.96,68.5
Nepal,2008,2.87,8.9,68.7
Nepal,2009,2.74,9.6,69
Nepal,2010,2.61,9.9,69.2
Netherlands,1995,1.53,1600,77.6
Netherlands,1996,1.53,1460,77.6
Netherlands,1997,1.56,1340,77.9
Netherlands,1998,1.63,1330,78
Netherlands,1999,1.65,1320,78
Netherlands,2000,1.72,1210,78.1
Netherlands,2001,1.71,1300,78.3
Netherlands,2002,1.73,1500,78.4
Netherlands,2003,1.75,1980,78.6
Netherlands,2004,1.73,2240,79.1
Netherlands,2005,1.71,2330,79.5
Netherlands,2006,1.72,3050,79.8
Netherlands,2007,1.72,3480,80.2
Netherlands,2008,1.77,3940,80.3
Netherlands,2009,1.79,4550,80.6
Netherlands,2010,1.8,4430,80.8
New Zealand,1995,2.11,917,76.5
New Zealand,1996,2.07,980,76.8
New Zealand,1997,2.05,1000,77.2
New Zealand,1998,1.96,866,77.8
New Zealand,1999,2,894,77.9
New Zealand,2000,1.98,820,78.3
New Zealand,2001,1.96,804,78.6
New Zealand,2002,1.95,969,78.7
New Zealand,2003,1.98,1260,78.9
New Zealand,2004,2.02,1570,79.3
New Zealand,2005,2.05,1820,79.7
New Zealand,2006,2.09,1840,79.9
New Zealand,2007,2.11,2220,80
New Zealand,2008,2.12,2340,80.1
New Zealand,2009,2.13,2240,80.4
New Zealand,2010,2.12,2730,80.7
Niger,1995,7.73,2.81,48.6
Niger,1996,7.72,2.54,49.4
Niger,1997,7.71,2.96,50
Niger,1998,7.7,3.29,50.7
Niger,1999,7.69,3.08,51.3
Niger,2000,7.68,2.32,51.8
Niger,2001,7.67,2.99,52.4
Niger,2002,7.66,3.37,53.2
Niger,2003,7.64,3.66,54
Niger,2004,7.63,4.26,54.9
Niger,2005,7.61,7.72,55.7
Niger,2006,7.59,8.6,56.5
Niger,2007,7.57,8.18,57.2
Niger,2008,7.54,10.1,58
Niger,2009,7.52,9.55,58.5
Niger,2010,7.49,9.3,59.1
Nigeria,1995,6.26,9.31,55.4
Nigeria,1996,6.22,10.6,55.2
Nigeria,1997,6.19,12.5,55.4
Nigeria,1998,6.16,15.9,55.3
Nigeria,1999,6.13,4.7,55.2
Nigeria,2000,6.11,5.72,55.2
Nigeria,2001,6.08,5.7,55.4
Nigeria,2002,6.06,4.55,55.7
Nigeria,2003,6.04,8.6,56
Nigeria,2004,6.01,14.7,56.5
Nigeria,2005,5.99,15.5,57.3
Nigeria,2006,5.96,20.1,57.9
Nigeria,2007,5.93,26.8,58.5
Nigeria,2008,5.9,32.6,59.2
Nigeria,2009,5.87,23.4,59.9
Nigeria,2010,5.84,23.8,60.5
North Macedonia,1995,1.98,118,72.7
North Macedonia,1996,1.92,119,72.9
North Macedonia,1997,1.86,107,73.1
North Macedonia,1998,1.81,120,73.2
North Macedonia,1999,1.77,98.1,73.8
North Macedonia,2000,1.72,90.1,73.9
North Macedonia,2001,1.68,85.2,73.7
North Macedonia,2002,1.64,103,73.9
North Macedonia,2003,1.61,128,74.1
North Macedonia,2004,1.57,141,74.7
North Macedonia,2005,1.53,147,74.8
North Macedonia,2006,1.5,164,74.8
North Macedonia,2007,1.48,176,74.9
North Macedonia,2008,1.47,223,75.4
North Macedonia,2009,1.46,207,75.5
North Macedonia,2010,1.47,202,75.9
Norway,1995,1.87,2510,77.9
Norway,1996,1.89,2570,78
Norway,1997,1.86,2450,78.3
Norway,1998,1.81,2590,78.3
Norway,1999,1.85,2750,78.5
Norway,2000,1.85,2600,78.6
Norway,2001,1.78,2790,78.8
Norway,2002,1.75,3460,79
Norway,2003,1.8,4130,79.5
Norway,2004,1.83,4540,79.8
Norway,2005,1.84,4960,80.1
Norway,2006,1.9,5230,80.4
Norway,2007,1.9,6150,80.5
Norway,2008,1.96,6800,80.7
Norway,2009,1.98,6340,80.8
Norway,2010,1.95,6790,80.9
Oman,1995,5.35,187,71
Oman,1996,4.98,199,71.4
Oman,1997,4.63,192,71.8
Oman,1998,4.3,186,72.2
Oman,1999,3.99,199,72.7
Oman,2000,3.72,216,73
Oman,2001,3.48,216,73.4
Oman,2002,3.29,232,73.7
Oman,2003,3.14,243,74.1
Oman,2004,3.03,254,74.5
Oman,2005,2.95,272,74.9
Oman,2006,2.91,278,75.1
Oman,2007,2.89,323,75.2
Oman,2008,2.89,366,75.2
Oman,2009,2.9,410,75.3
Oman,2010,2.9,460,75.2
Pakistan,1995,5.34,3.88,61.2
Pakistan,1996,5.2,4.08,61.3
Pakistan,1997,5.05,3.68,61.3
Pakistan,1998,4.89,3.12,61.5
Pakistan,1999,4.73,2.97,61.7
Pakistan,2000,4.58,3.16,61.9
Pakistan,2001,4.44,2.67,62.1
Pakistan,2002,4.31,4.17,62.3
Pakistan,2003,4.21,3.65,62.4
Pakistan,2004,4.13,4.32,62.6
Pakistan,2005,4.07,4.81,61.8
Pakistan,2006,4.02,6.38,63.1
Pakistan,2007,3.98,6.92,63.5
Pakistan,2008,3.94,7.39,63.7
Pakistan,2009,3.9,6.99,64
Pakistan,2010,3.86,8.38,64.3
Panama,1995,2.85,155,75.9
Panama,1996,2.83,158,76.2
Panama,1997,2.81,176,76
Panama,1998,2.79,182,76.3
Panama,1999,2.77,180,77
Panama,2000,2.74,208,77.4
Panama,2001,2.72,203,77.7
Panama,2002,2.7,222,77.8
Panama,2003,2.68,209,77.8
Panama,2004,2.66,254,78
Panama,2005,2.65,249,78
Panama,2006,2.64,246,78
Panama,2007,2.64,255,78.2
Panama,2008,2.63,341,78.1
Panama,2009,2.63,422,78.1
Panama,2010,2.62,463,78.2
Papua New Guinea,1995,4.67,31,55.6
Papua New Guinea,1996,4.65,33.4,55.8
Papua New Guinea,1997,4.63,27.2,56
Papua New Guinea,1998,4.6,23.4,55.3
Papua New Guinea,1999,4.57,22.1,56
Papua New Guinea,2000,4.53,21.2,56
Papua New Guinea,2001,4.48,20.9,55.9
Papua New Guinea,2002,4.42,19.2,55.8
Papua New Guinea,2003,4.37,19.9,55.7
Papua New Guinea,2004,4.32,24.9,55.6
Papua New Guinea,2005,4.26,24.6,55.6
Papua New Guinea,2006,4.21,23.7,55.6
Papua New Guinea,2007,4.16,23.1,55.7
Papua New Guinea,2008,4.1,30.1,55.9
Papua New Guinea,2009,4.04,30.9,56
Papua New Guinea,2010,3.99,35.4,56.3
Paraguay,1995,4.11,40.3,74
Paraguay,1996,4.01,50.6,74
Paraguay,1997,3.91,48.3,74.4
Paraguay,1998,3.8,49.7,74.5
Paraguay,1999,3.68,48.6,74.5
Paraguay,2000,3.55,49.5,74.5
Paraguay,2001,3.43,37.3,74.8
Paraguay,2002,3.32,26,74.9
Paraguay,2003,3.21,23.2,74.7
Paraguay,2004,3.12,27.8,74.1
Paraguay,2005,3.04,31.2,74.4
Paraguay,2006,2.97,41.6,74.3
Paraguay,2007,2.91,49.2,74.8
Paraguay,2008,2.85,66.3,74.9
Paraguay,2009,2.79,57.4,74.7
Paraguay,2010,2.73,59.3,74.6
Peru,1995,3.32,54.9,71.4
Peru,1996,3.23,56.8,72
Peru,1997,3.14,54.3,72.6
Peru,1998,3.06,57,73.1
Peru,1999,2.99,55.7,74.2
Peru,2000,2.93,56.8,74.7
Peru,2001,2.87,55.8,75.6
Peru,2002,2.82,59.2,76
Peru,2003,2.77,60.4,75.9
Peru,2004,2.73,65.7,76.3
Peru,2005,2.68,76.3,76.8
Peru,2006,2.65,84.3,77.4
Peru,2007,2.62,113,77.9
Peru,2008,2.59,160,77.9
Peru,2009,2.57,136,77.4
Peru,2010,2.55,145,77.5
Philippines,1995,4.01,14.6,69
Philippines,1996,3.96,17,69.3
Philippines,1997,3.92,17.7,69.3
Philippines,1998,3.89,13.4,69.4
Philippines,1999,3.85,15.7,69.5
Philippines,2000,3.81,16,69.3
Philippines,2001,3.77,12.8,69.2
Philippines,2002,3.71,11.3,69.1
Philippines,2003,3.65,13.3,69.1
Philippines,2004,3.58,14,69.2
Philippines,2005,3.5,16.5,69.1
Philippines,2006,3.43,17.1,69
Philippines,2007,3.35,19.9,69.2
Philippines,2008,3.28,20.9,69.2
Philippines,2009,3.21,23.2,69.1
Philippines,2010,3.16,27.3,69.2
Poland,1995,1.73,145,72.1
Poland,1996,1.65,177,72.6
Poland,1997,1.56,166,72.8
Poland,1998,1.48,174,73.2
Poland,1999,1.41,179,73.2
Poland,2000,1.35,173,73.9
Poland,2001,1.31,210,74.3
Poland,2002,1.28,234,74.7
Poland,2003,1.28,248,74.9
Poland,2004,1.28,282,75
Poland,2005,1.3,343,75.2
Poland,2006,1.32,388,75.3
Poland,2007,1.34,508,75.3
Poland,2008,1.36,703,75.6
Poland,2009,1.37,600,75.9
Poland,2010,1.37,666,76.4
Portugal,1995,1.46,547,75.3
Portugal,1996,1.45,613,75.3
Portugal,1997,1.45,586,75.7
Portugal,1998,1.46,626,76
Portugal,1999,1.46,666,76.3
Portugal,2000,1.46,704,76.7
Portugal,2001,1.46,716,77
Portugal,2002,1.45,805,77.3
Portugal,2003,1.44,1030,77.6
Portugal,2004,1.43,1190,78.3
Portugal,2005,1.42,1260,78.8
Portugal,2006,1.4,1270,79.1
Portugal,2007,1.38,1440,79.3
Portugal,2008,1.36,1550,79.5
Portugal,2009,1.34,1600,79.7
Portugal,2010,1.33,1610,80
Qatar,1995,3.59,377,72.2
Qatar,1996,3.53,429,72.4
Qatar,1997,3.47,467,72.6
Qatar,1998,3.41,424,73
Qatar,1999,3.33,424,73.5
Qatar,2000,3.24,473,74.1
Qatar,2001,3.12,554,74.9
Qatar,2002,3,632,75.5
Qatar,2003,2.86,1260,76.1
Qatar,2004,2.71,1350,76.6
Qatar,2005,2.57,1380,76.6
Qatar,2006,2.43,1350,76.9
Qatar,2007,2.31,1320,77.2
Qatar,2008,2.21,1300,77.3
Qatar,2009,2.13,1260,77.6
Qatar,2010,2.07,1150,78
Romania,1995,1.37,39.9,69.4
Romania,1996,1.34,38.8,69
Romania,1997,1.32,52.6,69.1
Romania,1998,1.31,52.9,69.9
Romania,1999,1.31,53.9,70.7
Romania,2000,1.31,58.6,71.1
Romania,2001,1.31,64.2,71.1
Romania,2002,1.32,79.6,71.1
Romania,2003,1.33,124,71.4
Romania,2004,1.36,143,71.9
Romania,2005,1.38,204,72.2
Romania,2006,1.4,231,72.7
Romania,2007,1.43,342,73.2
Romania,2008,1.45,424,73.3
Romania,2009,1.46,341,73.4
Romania,2010,1.47,334,73.7
Russia,1995,1.34,83.5,64.8
Russia,1996,1.27,105,66
Russia,1997,1.22,137,67.1
Russia,1998,1.23,79,67.4
Russia,1999,1.16,47.7,66.2
Russia,2000,1.2,57.5,65.5
Russia,2001,1.22,69.8,65.5
Russia,2002,1.29,83.7,65.3
Russia,2003,1.33,98,65.1
Russia,2004,1.34,127,65.3
Russia,2005,1.29,172,64.8
Russia,2006,1.3,231,66.3
Russia,2007,1.41,313,67.3
Russia,2008,1.49,361,67.5
Russia,2009,1.54,302,68.4
Russia,2010,1.57,326,68.1
Rwanda,1995,6.17,3.77,46.5
Rwanda,1996,6.05,4.43,47.5
Rwanda,1997,5.94,5.39,46.5
Rwanda,1998,5.84,7.29,47.7
Rwanda,1999,5.74,5.05,49
Rwanda,2000,5.64,3.54,49.6
Rwanda,2001,5.54,4.22,50.8
Rwanda,2002,5.45,4.21,52.3
Rwanda,2003,5.35,6.97,53.8
Rwanda,2004,5.24,7.73,55.4
Rwanda,2005,5.14,10.3,57
Rwanda,2006,5.02,16.5,58.7
Rwanda,2007,4.9,17.2,60.3
Rwanda,2008,4.77,20.9,61.8
Rwanda,2009,4.64,25.1,63.1
Rwanda,2010,4.52,27.8,64.3
Samoa,1995,4.75,39.6,71.1
Samoa,1996,4.69,51.6,71.1
Samoa,1997,4.64,56.4,71.3
Samoa,1998,4.59,54.1,71.5
Samoa,1999,4.54,62.8,71.6
Samoa,2000,4.5,60.6,71.7
Samoa,2001,4.48,58.3,71.8
Samoa,2002,4.46,65.4,72
Samoa,2003,4.45,73.5,72.1
Samoa,2004,4.46,86.5,72.2
Samoa,2005,4.46,92.7,72.2
Samoa,2006,4.46,110,72.4
Samoa,2007,4.45,142,72.4
Samoa,2008,4.43,144,72.5
Samoa,2009,4.39,132,70.3
Samoa,2010,4.34,179,72.5
Sao Tome and Principe,1995,5.55,21.6,63.8
Sao Tome and Principe,1996,5.49,19.4,63.6
Sao Tome and Principe,1997,5.44,19.3,63.7
Sao Tome and Principe,1998,5.38,14.7,63.8
Sao Tome and Principe,1999,5.33,20.5,64.2
Sao Tome and Principe,2000,5.28,19.6,64.6
Sao Tome and Principe,2001,5.23,19.1,65
Sao Tome and Principe,2002,5.17,21.4,65.3
Sao Tome and Principe,2003,5.12,39.9,65.8
Sao Tome and Principe,2004,5.07,37,66
Sao Tome and Principe,2005,5.02,43.3,66.1
Sao Tome and Principe,2006,4.97,32.3,66.8
Sao Tome and Principe,2007,4.93,33,67.3
Sao Tome and Principe,2008,4.88,35.6,67.7
Sao Tome and Principe,2009,4.84,37.3,68.4
Sao Tome and Principe,2010,4.79,34.5,68.9
Saudi Arabia,1995,4.98,119,73.6
Saudi Arabia,1996,4.75,136,73.8
Saudi Arabia,1997,4.53,152,74
Saudi Arabia,1998,4.33,147,74.3
Saudi Arabia,1999,4.14,231,74.5
Saudi Arabia,2000,3.97,287,74.7
Saudi Arabia,2001,3.83,288,74.8
Saudi Arabia,2002,3.71,272,74.7
Saudi Arabia,2003,3.6,278,74.7
Saudi Arabia,2004,3.51,286,74.8
Saudi Arabia,2005,3.42,339,74.7
Saudi Arabia,2006,3.33,401,74.7
Saudi Arabia,2007,3.24,409,74.7
Saudi Arabia,2008,3.15,375,74.7
Saudi Arabia,2009,3.06,380,74.7
Saudi Arabia,2010,2.96,427,74.8
Senegal,1995,6,7.46,59.1
Senegal,1996,5.88,8.75,59.2
Senegal,1997,5.77,7.56,59.5
Senegal,1998,5.67,8.06,59.7
Senegal,1999,5.57,8.96,60.1
Senegal,2000,5.47,7.85,60.6
Senegal,2001,5.39,8.4,61.2
Senegal,2002,5.31,10.4,61.5
Senegal,2003,5.25,13.9,62.3
Senegal,2004,5.2,16.2,62.8
Senegal,2005,5.16,23.9,63.4
Senegal,2006,5.13,28,63.9
Senegal,2007,5.11,31.7,64.5
Senegal,2008,5.1,35.5,65.1
Senegal,2009,5.08,32.5,65.5
Senegal,2010,5.06,32.5,65.9
Serbia,1995,1.89,55.1,71.1
Serbia,1996,1.86,91,71.1
Serbia,1997,1.84,104,71.1
Serbia,1998,1.82,82.2,71.7
Serbia,1999,1.79,89.9,69.4
Serbia,2000,1.77,42,72.1
Serbia,2001,1.74,78.8,72.4
Serbia,2002,1.72,130,72.5
Serbia,2003,1.69,163,72.4
Serbia,2004,1.66,189,72.6
Serbia,2005,1.64,203,72.7
Serbia,2006,1.61,234,73.2
Serbia,2007,1.6,336,73.7
Serbia,2008,1.58,417,73.9
Serbia,2009,1.58,357,74
Serbia,2010,1.58,338,74.4
Seychelles,1995,2.35,300,70.9
Seychelles,1996,2.28,312,71
Seychelles,1997,2.22,372,70.9
Seychelles,1998,2.18,348,71.2
Seychelles,1999,2.16,356,71.4
Seychelles,2000,2.15,311,71.5
Seychelles,2001,2.16,309,71.7
Seychelles,2002,2.18,330,71.9
Seychelles,2003,2.2,373,72.1
Seychelles,2004,2.22,401,72.1
Seychelles,2005,2.25,411,72.4
Seychelles,2006,2.27,428,72.7
Seychelles,2007,2.29,381,72.8
Seychelles,2008,2.32,332,73
Seychelles,2009,2.34,280,73
Seychelles,2010,2.36,339,73.2
Sierra Leone,1995,6.61,3.02,49.7
Sierra Leone,1996,6.56,3.18,51
Sierra Leone,1997,6.51,3.3,50.9
Sierra Leone,1998,6.46,2.11,48.9
Sierra Leone,1999,6.39,3.05,49.2
Sierra Leone,2000,6.32,3.18,50.9
Sierra Leone,2001,6.24,4,51.4
Sierra Leone,2002,6.16,4.48,51.5
Sierra Leone,2003,6.07,4.73,51.8
Sierra Leone,2004,5.97,3.2,52.1
Sierra Leone,2005,5.86,4.38,52.6
Sierra Leone,2006,5.75,4.01,53
Sierra Leone,2007,5.62,2.82,53.5
Sierra Leone,2008,5.49,4.58,54.1
Sierra Leone,2009,5.35,4.75,54.6
Sierra Leone,2010,5.2,4.82,55.4
Singapore,1995,1.67,368,77.3
Singapore,1996,1.66,375,77.8
Singapore,1997,1.61,367,78.2
Singapore,1998,1.48,379,78.6
Singapore,1999,1.47,332,79
Singapore,2000,1.6,298,79.3
Singapore,2001,1.41,273,79.6
Singapore,2002,1.37,241,80
Singapore,2003,1.27,320,80.6
Singapore,2004,1.26,283,80.9
Singapore,2005,1.26,302,81.1
Singapore,2006,1.28,323,81.5
Singapore,2007,1.29,367,81.9
Singapore,2008,1.28,458,82.2
Singapore,2009,1.26,553,82.9
Singapore,2010,1.26,629,83.2
Slovak Republic,1995,1.63,196,72.5
Slovak Republic,1996,1.53,225,73
Slovak Republic,1997,1.45,211,72.8
Slovak Republic,1998,1.38,215,72.8
Slovak Republic,1999,1.31,196,73.1
Slovak Republic,2000,1.27,186,73.5
Slovak Republic,2001,1.24,193,73.7
Slovak Republic,2002,1.23,228,73.9
Slovak Republic,2003,1.22,318,74
Slovak Republic,2004,1.23,417,74.4
Slovak Republic,2005,1.25,466,74.3
Slovak Republic,2006,1.27,520,74.5
Slovak Republic,2007,1.29,720,74.5
Slovak Republic,2008,1.32,948,74.9
Slovak Republic,2009,1.34,968,75.2
Slovak Republic,2010,1.36,930,75.6
Slovenia,1995,1.27,610,74.7
Slovenia,1996,1.25,619,75
Slovenia,1997,1.24,598,75.2
Slovenia,1998,1.22,647,75.3
Slovenia,1999,1.21,664,75.6
Slovenia,2000,1.21,614,76
Slovenia,2001,1.21,646,76.2
Slovenia,2002,1.22,734,76.5
Slovenia,2003,1.24,904,76.5
Slovenia,2004,1.27,1030,77
Slovenia,2005,1.31,1080,77.7
Slovenia,2006,1.36,1160,78
Slovenia,2007,1.4,1320,78.2
Slovenia,2008,1.44,1660,78.6
Slovenia,2009,1.48,1640,79.1
Slovenia,2010,1.52,1590,79.5
Solomon Islands,1995,5.2,43.9,61
Solomon Islands,1996,5.08,43,61.2
Solomon Islands,1997,4.97,46,61.3
Solomon Islands,1998,4.87,39.9,61.4
Solomon Islands,1999,4.79,43,61.5
Solomon Islands,2000,4.72,45.8,61.5
Solomon Islands,2001,4.67,58.7,61.3
Solomon Islands,2002,4.62,46,61.2
Solomon Islands,2003,4.58,42.2,61.1
Solomon Islands,2004,4.54,42.6,61
Solomon Islands,2005,4.5,68,61
Solomon Islands,2006,4.46,59,61.1
Solomon Islands,2007,4.41,63.9,61
Solomon Islands,2008,4.36,65.8,61.4
Solomon Islands,2009,4.3,95.5,61.4
Solomon Islands,2010,4.24,99.6,61.7
South Africa,1995,3.11,107,64.4
South Africa,1996,3.04,97.4,62.8
South Africa,1997,2.97,111,60.8
South Africa,1998,2.92,104,59.3
South Africa,1999,2.87,108,57.7
South Africa,2000,2.83,102,55.6
South Africa,2001,2.79,90.5,54.9
South Africa,2002,2.76,81.5,53.8
South Africa,2003,2.73,126,52.8
South Africa,2004,2.7,151,52.3
South Africa,2005,2.68,175,52
South Africa,2006,2.66,184,52
South Africa,2007,2.64,202,52.6
South Africa,2008,2.62,203,53.4
South Africa,2009,2.6,228,54.5
South Africa,2010,2.59,286,56.1
Spain,1995,1.21,814,78
Spain,1996,1.2,852,78.2
Spain,1997,1.2,769,78.7
Spain,1998,1.2,799,78.9
Spain,1999,1.21,816,78.9
Spain,2000,1.23,745,79.4
Spain,2001,1.25,771,79.7
Spain,2002,1.28,859,79.8
Spain,2003,1.3,1210,79.6
Spain,2004,1.33,1410,80.2
Spain,2005,1.35,1520,80.5
Spain,2006,1.37,1670,80.9
Spain,2007,1.38,1950,81
Spain,2008,1.38,2270,81.3
Spain,2009,1.38,2230,81.7
Spain,2010,1.37,2100,82
Sri Lanka,1995,2.29,11.5,70.7
Sri Lanka,1996,2.27,12.1,70.7
Sri Lanka,1997,2.25,12.3,70.4
Sri Lanka,1998,2.24,15.8,71.2
Sri Lanka,1999,2.24,14.4,71.6
Sri Lanka,2000,2.24,15.8,71.6
Sri Lanka,2001,2.25,14.3,72.7
Sri Lanka,2002,2.26,14.8,73.6
Sri Lanka,2003,2.27,16,73.7
Sri Lanka,2004,2.28,20.6,69.3
Sri Lanka,2005,2.28,23.4,73.8
Sri Lanka,2006,2.28,27.9,74.2
Sri Lanka,2007,2.27,29.4,74.4
Sri Lanka,2008,2.26,31.7,73.7
Sri Lanka,2009,2.23,30.1,74
Sri Lanka,2010,2.2,31.3,74.7
St. Lucia,1995,2.89,116,71.7
St. Lucia,1996,2.77,135,72
St. Lucia,1997,2.64,121,72.4
St. Lucia,1998,2.5,133,72.9
St. Lucia,1999,2.35,138,73.3
St. Lucia,2000,2.2,143,73.8
St. Lucia,2001,2.06,151,74.1
St. Lucia,2002,1.93,151,74.1
St. Lucia,2003,1.83,146,74
St. Lucia,2004,1.74,160,74.2
St. Lucia,2005,1.68,164,74.3
St. Lucia,2006,1.63,198,74.6
St. Lucia,2007,1.6,195,75
St. Lucia,2008,1.57,239,75.4
St. Lucia,2009,1.56,294,75.5
St. Lucia,2010,1.54,282,75.6
St. Vincent and the Grenadines,1995,2.7,93.2,71.4
St. Vincent and the Grenadines,1996,2.64,98,71
St. Vincent and the Grenadines,1997,2.58,106,70.9
St. Vincent and the Grenadines,1998,2.51,99.5,71
St. Vincent and the Grenadines,1999,2.44,106,71.1
St. Vincent and the Grenadines,2000,2.38,113,71.2
St. Vincent and the Grenadines,2001,2.32,118,71.7
St. Vincent and the Grenadines,2002,2.27,138,71.7
St. Vincent and the Grenadines,2003,2.23,143,72.2
St. Vincent and the Grenadines,2004,2.2,145,72.3
St. Vincent and the Grenadines,2005,2.17,150,72.4
St. Vincent and the Grenadines,2006,2.15,179,72.6
St. Vincent and the Grenadines,2007,2.13,202,72.8
St. Vincent and the Grenadines,2008,2.11,251,73
St. Vincent and the Grenadines,2009,2.09,241,73
St. Vincent and the Grenadines,2010,2.07,240,72.9
Sudan,1995,5.83,2.08,61.2
Sudan,1996,5.76,2.77,61.5
Sudan,1997,5.68,3.09,61.7
Sudan,1998,5.61,3.22,62.1
Sudan,1999,5.54,2.4,62.8
Sudan,2000,5.47,3.32,63.4
Sudan,2001,5.4,3.72,63.8
Sudan,2002,5.33,4.22,64
Sudan,2003,5.27,5.54,64.3
Sudan,2004,5.2,7.59,64.3
Sudan,2005,5.14,9.77,65.7
Sudan,2006,5.09,14.9,66.1
Sudan,2007,5.03,23.1,66.5
Sudan,2008,4.98,32,67
Sudan,2009,4.93,25.9,67.3
Sudan,2010,4.88,25,67.7
Suriname,1995,3.01,42.6,69.9
Suriname,1996,3,61.3,69.9
Suriname,1997,2.97,69.1,70
Suriname,1998,2.94,95,69.8
Suriname,1999,2.9,77.5,69.6
Suriname,2000,2.86,74,69.5
Suriname,2001,2.82,62.6,69.5
Suriname,2002,2.78,79.9,69.4
Suriname,2003,2.75,87.7,69.5
Suriname,2004,2.71,100,69.6
Suriname,2005,2.67,125,69.9
Suriname,2006,2.64,165,70.2
Suriname,2007,2.61,171,70.6
Suriname,2008,2.58,186,70.8
Suriname,2009,2.55,238,71.3
Suriname,2010,2.52,235,71.4
Sweden,1995,1.73,1980,78.9
Sweden,1996,1.6,2230,79.1
Sweden,1997,1.53,1970,79.4
Sweden,1998,1.52,2000,79.5
Sweden,1999,1.51,2050,79.6
Sweden,2000,1.56,1940,79.8
Sweden,2001,1.58,1840,79.8
Sweden,2002,1.67,2110,80
Sweden,2003,1.73,2680,80.3
Sweden,2004,1.77,2980,80.2
Sweden,2005,1.79,3020,80.6
Sweden,2006,1.87,3190,80.8
Sweden,2007,1.89,3670,80.9
Sweden,2008,1.92,3970,81
Sweden,2009,1.94,3540,81.2
Sweden,2010,1.99,3820,81.5
Switzerland,1995,1.52,2290,78.8
Switzerland,1996,1.5,2320,79.4
Switzerland,1997,1.49,2030,79.5
Switzerland,1998,1.47,2110,79.8
Switzerland,1999,1.45,2110,80.1
Switzerland,2000,1.44,1950,80.1
Switzerland,2001,1.43,2110,80.5
Switzerland,2002,1.42,2390,80.7
Switzerland,2003,1.42,2880,80.9
Switzerland,2004,1.42,3210,81.3
Switzerland,2005,1.43,3310,81.5
Switzerland,2006,1.44,3290,81.7
Switzerland,2007,1.46,3590,81.9
Switzerland,2008,1.47,4160,82.2
Switzerland,2009,1.49,4290,82.2
Switzerland,2010,1.5,4610,82.5
Syria,1995,4.51,20.5,70.6
Syria,1996,4.41,21.1,70.8
Syria,1997,4.32,20.9,71.1
Syria,1998,4.23,21.7,71.4
Syria,1999,4.14,22.5,71.9
Syria,2000,4.04,23.9,72.5
Syria,2001,3.94,25.5,73.2
Syria,2002,3.84,26.2,73.6
Syria,2003,3.74,29.1,74.4
Syria,2004,3.65,29.1,74.7
Syria,2005,3.56,31.6,75
Syria,2006,3.47,32.2,75.3
Syria,2007,3.39,38.9,75.5
Syria,2008,3.33,41.8,75.4
Syria,2009,3.26,43.9,75.7
Syria,2010,3.21,44.4,75.8
Tajikistan,1995,4.59,1.27,65.1
Tajikistan,1996,4.46,2.31,64.4
Tajikistan,1997,4.33,2.48,66.2
Tajikistan,1998,4.19,2.5,66.6
Tajikistan,1999,4.05,1.85,67.5
Tajikistan,2000,3.91,1.32,67.8
Tajikistan,2001,3.78,1.65,68.2
Tajikistan,2002,3.68,1.76,68.5
Tajikistan,2003,3.59,2.23,68.9
Tajikistan,2004,3.53,3.06,69.2
Tajikistan,2005,3.5,4.1,69.2
Tajikistan,2006,3.49,4.9,69.3
Tajikistan,2007,3.49,6.67,69.4
Tajikistan,2008,3.49,10.6,69.6
Tajikistan,2009,3.5,10.8,69.7
Tajikistan,2010,3.51,13.1,69.8
Tanzania,1995,5.88,2.69,52.8
Tanzania,1996,5.83,2.86,52.6
Tanzania,1997,5.78,3.86,52.6
Tanzania,1998,5.74,4.06,52.8
Tanzania,1999,5.71,3.83,53.1
Tanzania,2000,5.69,4.38,53.5
Tanzania,2001,5.68,4.77,54.1
Tanzania,2002,5.67,4.61,54.8
Tanzania,2003,5.66,5.88,55.4
Tanzania,2004,5.65,5.18,56.1
Tanzania,2005,5.64,6.87,56.7
Tanzania,2006,5.62,13.8,57.4
Tanzania,2007,5.58,15,58.3
Tanzania,2008,5.54,16.5,59.3
Tanzania,2009,5.49,17.9,60
Tanzania,2010,5.43,20.8,60.9
Thailand,1995,1.87,46.8,70.3
Thailand,1996,1.82,54.7,70.1
Thailand,1997,1.78,53.4,71
Thailand,1998,1.74,37.1,71.4
Thailand,1999,1.71,37.7,71.3
Thailand,2000,1.67,37,71.8
Thailand,2001,1.64,33.8,72.6
Thailand,2002,1.62,46.1,73
Thailand,2003,1.6,49.9,73.6
Thailand,2004,1.58,55.7,73.8
Thailand,2005,1.57,60.4,74.8
Thailand,2006,1.56,78.2,75.4
Thailand,2007,1.56,99.1,75.9
Thailand,2008,1.55,121,76.3
Thailand,2009,1.55,119,76.8
Thailand,2010,1.55,134,77
Timor-Leste,1995,6.38,31.3,62.3
Timor-Leste,1996,6.63,23.6,63.9
Timor-Leste,1997,6.83,38.5,63.2
Timor-Leste,1998,6.99,24.7,63.7
Timor-Leste,1999,7.08,22.2,58.5
Timor-Leste,2000,7.11,23.9,65.3
Timor-Leste,2001,7.09,25.5,65.8
Timor-Leste,2002,7.04,24.4,66.1
Timor-Leste,2003,6.97,26.1,66.5
Timor-Leste,2004,6.88,28.1,67.1
Timor-Leste,2005,6.79,39.4,67.7
Timor-Leste,2006,6.69,44.2,68.2
Timor-Leste,2007,6.59,43,68.8
Timor-Leste,2008,6.48,44.4,69.3
Timor-Leste,2009,6.36,42.6,69.7
Timor-Leste,2010,6.23,31.7,70
Togo,1995,5.76,5.99,57.4
Togo,1996,5.67,5.95,57.3
Togo,1997,5.59,5.25,57
Togo,1998,5.52,6.01,56.9
Togo,1999,5.46,5.01,57
Togo,2000,5.41,4.08,56.9
Togo,2001,5.36,3.33,56.7
Togo,2002,5.32,2.64,56.8
Togo,2003,5.28,4.66,56.7
Togo,2004,5.23,6.16,56.9
Togo,2005,5.18,7.41,56.9
Togo,2006,5.12,8.99,57.5
Togo,2007,5.06,9.62,57.7
Togo,2008,5,13.2,58
Togo,2009,4.94,17.6,58.6
Togo,2010,4.87,18,59.2
Tonga,1995,4.45,56.4,70.6
Tonga,1996,4.39,63.8,70.6
Tonga,1997,4.34,66.8,70.5
Tonga,1998,4.3,62.5,70.7
Tonga,1999,4.27,75.2,70.7
Tonga,2000,4.25,64.5,70.7
Tonga,2001,4.24,72.6,70.7
Tonga,2002,4.22,69.9,70.7
Tonga,2003,4.2,88.1,70.7
Tonga,2004,4.18,95.3,70.7
Tonga,2005,4.14,146,70.8
Tonga,2006,4.1,138,70.8
Tonga,2007,4.06,174,70.9
Tonga,2008,4.01,176,70.9
Tonga,2009,3.96,115,68.8
Tonga,2010,3.91,140,71
Trinidad and Tobago,1995,1.96,94.3,69.8
Trinidad and Tobago,1996,1.9,90.1,69.7
Trinidad and Tobago,1997,1.84,86.7,70.3
Trinidad and Tobago,1998,1.8,68.5,70
Trinidad and Tobago,1999,1.77,100,69.8
Trinidad and Tobago,2000,1.75,106,70.4
Trinidad and Tobago,2001,1.74,133,70.6
Trinidad and Tobago,2002,1.74,168,71.1
Trinidad and Tobago,2003,1.75,208,71.1
Trinidad and Tobago,2004,1.76,233,71.5
Trinidad and Tobago,2005,1.77,364,71.9
Trinidad and Tobago,2006,1.78,371,72.6
Trinidad and Tobago,2007,1.79,387,72.8
Trinidad and Tobago,2008,1.8,444,72.4
Trinidad and Tobago,2009,1.8,514,73
Trinidad and Tobago,2010,1.81,516,73.6
Tunisia,1995,2.61,64.1,73.1
Tunisia,1996,2.49,65.3,73.4
Tunisia,1997,2.38,61.1,73.4
Tunisia,1998,2.29,64,73.6
Tunisia,1999,2.21,66.2,73.9
Tunisia,2000,2.14,67.2,74.3
Tunisia,2001,2.09,65.5,74.6
Tunisia,2002,2.05,67.3,74.8
Tunisia,2003,2.02,80,75.2
Tunisia,2004,2,92.5,75.5
Tunisia,2005,1.99,93.3,75.8
Tunisia,2006,2,101,76.1
Tunisia,2007,2.02,113,76.3
Tunisia,2008,2.06,133,76.5
Tunisia,2009,2.1,133,76.7
Tunisia,2010,2.14,129,77
Turkey,1995,2.76,67.2,70.3
Turkey,1996,2.71,80.7,71
Turkey,1997,2.66,93,71.7
Turkey,1998,2.61,111,72.3
Turkey,1999,2.56,114,72.3
Turkey,2000,2.5,129,74.1
Turkey,2001,2.45,105,74.8
Turkey,2002,2.4,133,75.4
Turkey,2003,2.35,174,75.9
Turkey,2004,2.31,221,76.5
Turkey,2005,2.27,259,76.7
Turkey,2006,2.24,301,77
Turkey,2007,2.21,375,77.4
Turkey,2008,2.19,455,77.7
Turkey,2009,2.17,432,77.5
Turkey,2010,2.16,510,77.6
Turkmenistan,1995,3.51,26,64.8
Turkmenistan,1996,3.32,12.6,64.6
Turkmenistan,1997,3.15,21.5,64.7
Turkmenistan,1998,3.01,22.8,65.1
Turkmenistan,1999,2.9,20.7,65.9
Turkmenistan,2000,2.82,35.9,66.7
Turkmenistan,2001,2.77,42.9,67.1
Turkmenistan,2002,2.73,46,67.1
Turkmenistan,2003,2.7,66.6,66.9
Turkmenistan,2004,2.67,73.2,66.5
Turkmenistan,2005,2.65,73.1,66.1
Turkmenistan,2006,2.65,68.9,66.3
Turkmenistan,2007,2.67,74.2,66.8
Turkmenistan,2008,2.71,41.1,67.6
Turkmenistan,2009,2.77,54.7,68.8
Turkmenistan,2010,2.83,63,69.6
Uganda,1995,7.02,4.47,46.9
Uganda,1996,6.99,4.65,47
Uganda,1997,6.97,5,47.5
Uganda,1998,6.94,4.26,47.9
Uganda,1999,6.9,4.91,48.6
Uganda,2000,6.87,4.19,49.1
Uganda,2001,6.82,4.64,50
Uganda,2002,6.77,5.2,50.7
Uganda,2003,6.72,5.28,51.5
Uganda,2004,6.65,5.92,52.5
Uganda,2005,6.58,7.26,53.8
Uganda,2006,6.51,7.02,54.9
Uganda,2007,6.42,7.33,55.9
Uganda,2008,6.34,7.79,57
Uganda,2009,6.25,9.59,58.1
Uganda,2010,6.15,10.2,59.1
Ukraine,1995,1.41,30,66.7
Ukraine,1996,1.34,34.3,67
Ukraine,1997,1.27,34,67.8
Ukraine,1998,1.22,29.7,68.8
Ukraine,1999,1.17,18.8,68.4
Ukraine,2000,1.15,18.5,68
Ukraine,2001,1.14,24.1,68.3
Ukraine,2002,1.15,31,68.2
Ukraine,2003,1.17,42.5,68.3
Ukraine,2004,1.2,53.1,68
Ukraine,2005,1.25,70,67.8
Ukraine,2006,1.3,89.8,68.5
Ukraine,2007,1.34,121,68.1
Ukraine,2008,1.38,150,68.3
Ukraine,2009,1.42,110,70.1
Ukraine,2010,1.45,133,70.8
United Arab Emirates,1995,3.42,583,72.1
United Arab Emirates,1996,3.23,580,72.3
United Arab Emirates,1997,3.06,588,72.4
United Arab Emirates,1998,2.91,565,72.2
United Arab Emirates,1999,2.77,559,71.9
United Arab Emirates,2000,2.64,577,71.8
United Arab Emirates,2001,2.53,638,71.8
United Arab Emirates,2002,2.43,578,72.1
United Arab Emirates,2003,2.33,611,72
United Arab Emirates,2004,2.24,588,72
United Arab Emirates,2005,2.15,608,72.5
United Arab Emirates,2006,2.07,659,72.6
United Arab Emirates,2007,2.01,718,72.6
United Arab Emirates,2008,1.95,1010,72.8
United Arab Emirates,2009,1.9,1310,72.9
United Arab Emirates,2010,1.87,1080,72.9
United Kingdom,1995,1.76,1140,76.7
United Kingdom,1996,1.74,1190,77
United Kingdom,1997,1.73,1240,77.2
United Kingdom,1998,1.71,1330,77.4
United Kingdom,1999,1.69,1420,77.6
United Kingdom,2000,1.68,1390,78
United Kingdom,2001,1.67,1440,78.2
United Kingdom,2002,1.67,1640,78.3
United Kingdom,2003,1.69,1940,78.5
United Kingdom,2004,1.72,2390,79
United Kingdom,2005,1.76,2550,79.3
United Kingdom,2006,1.8,2780,79.4
United Kingdom,2007,1.84,3160,79.7
United Kingdom,2008,1.86,3130,79.8
United Kingdom,2009,1.88,2900,80.2
United Kingdom,2010,1.89,2940,80.4
United States,1995,1.98,1680,75.9
United States,1996,1.98,1750,76.3
United States,1997,1.97,1810,76.6
United States,1998,2,1840,76.8
United States,1999,2.01,1920,76.8
United States,2000,2.05,2030,76.9
United States,2001,2.03,2230,76.9
United States,2002,2.02,2410,77
United States,2003,2.05,2610,77.2
United States,2004,2.06,2790,77.5
United States,2005,2.06,2950,77.6
United States,2006,2.11,3170,77.8
United States,2007,2.12,3360,78
United States,2008,2.07,3550,78.2
United States,2009,2,3800,78.4
United States,2010,1.93,4440,78.7
Uruguay,1995,2.4,410,73.5
Uruguay,1996,2.36,362,73.8
Uruguay,1997,2.33,258,74
Uruguay,1998,2.29,288,74
Uruguay,1999,2.27,461,74.2
Uruguay,2000,2.24,422,74.6
Uruguay,2001,2.22,380,74.9
Uruguay,2002,2.21,239,74.9
Uruguay,2003,2.19,178,74.9
Uruguay,2004,2.17,172,75.1
Uruguay,2005,2.16,219,75.5
Uruguay,2006,2.14,262,76
Uruguay,2007,2.13,307,75.5
Uruguay,2008,2.11,460,76.1
Uruguay,2009,2.09,514,76.4
Uruguay,2010,2.08,669,76.4
Uzbekistan,1995,3.53,15.8,67.7
Uzbekistan,1996,3.36,21.8,67.6
Uzbekistan,1997,3.19,20.6,67.6
Uzbekistan,1998,3.03,18.2,67.3
Uzbekistan,1999,2.87,19.6,67.4
Uzbekistan,2000,2.74,14,67.3
Uzbekistan,2001,2.64,11.8,67.3
Uzbekistan,2002,2.56,9.26,67.1
Uzbekistan,2003,2.51,9.46,67
Uzbekistan,2004,2.48,10.6,66.8
Uzbekistan,2005,2.46,12.6,66.8
Uzbekistan,2006,2.46,15.9,67.3
Uzbekistan,2007,2.46,19.3,67.7
Uzbekistan,2008,2.46,26.3,68
Uzbekistan,2009,2.46,33.1,68.5
Uzbekistan,2010,2.44,39.1,68.8
Vanuatu,1995,4.73,31.7,63
Vanuatu,1996,4.68,26.6,63.1
Vanuatu,1997,4.61,35.8,61.9
Vanuatu,1998,4.54,44.8,63.2
Vanuatu,1999,4.46,39,62.8
Vanuatu,2000,4.37,40.2,63.4
Vanuatu,2001,4.27,38,63.3
Vanuatu,2002,4.16,39.3,63.3
Vanuatu,2003,4.06,43.4,63.3
Vanuatu,2004,3.95,45.8,63.4
Vanuatu,2005,3.85,44.4,63.4
Vanuatu,2006,3.76,50.8,63.5
Vanuatu,2007,3.68,77.5,63.6
Vanuatu,2008,3.61,98,63.7
Vanuatu,2009,3.55,110,63.8
Vanuatu,2010,3.5,143,64
Venezuela,1995,3.08,61.2,72.4
Venezuela,1996,3.02,45,73
Venezuela,1997,2.97,51.8,73.7
Venezuela,1998,2.92,57.1,73.7
Venezuela,1999,2.87,85.8,70.1
Venezuela,2000,2.82,114,74
Venezuela,2001,2.78,120,74
Venezuela,2002,2.74,81.7,74
Venezuela,2003,2.7,72.5,73.5
Venezuela,2004,2.66,99,74.7
Venezuela,2005,2.63,128,75.2
Venezuela,2006,2.6,162,75.2
Venezuela,2007,2.56,222,75
Venezuela,2008,2.53,269,74.7
Venezuela,2009,2.5,276,74.8
Venezuela,2010,2.47,232,75.3
Vietnam,1995,2.71,4.92,70.2
Vietnam,1996,2.53,5.36,70.5
Vietnam,1997,2.36,5.66,70.7
Vietnam,1998,2.21,6.12,71.1
Vietnam,1999,2.1,6.32,71.3
Vietnam,2000,2.01,6.47,71.5
Vietnam,2001,1.95,7.21,71.7
Vietnam,2002,1.92,6.83,71.9
Vietnam,2003,1.9,8.15,72.1
Vietnam,2004,1.89,8.37,72.3
Vietnam,2005,1.89,9.84,72.5
Vietnam,2006,1.9,15.3,72.7
Vietnam,2007,1.91,23.4,72.8
Vietnam,2008,1.92,23.8,73
Vietnam,2009,1.94,28.9,73.2
Vietnam,2010,1.95,31.4,73.5
Yemen,1995,7.53,12.4,60.9
Yemen,1996,7.25,11,61.2
Yemen,1997,6.99,9.44,61.7
Yemen,1998,6.74,10.1,62.2
Yemen,1999,6.51,10.8,62.8
Yemen,2000,6.31,13.6,63.3
Yemen,2001,6.13,14.3,63.9
Yemen,2002,5.95,14.2,64.4
Yemen,2003,5.78,16.6,64.8
Yemen,2004,5.6,14.5,65.3
Yemen,2005,5.43,14.3,65.9
Yemen,2006,5.25,16.3,66.4
Yemen,2007,5.09,17.1,66.8
Yemen,2008,4.94,21.1,67.2
Yemen,2009,4.8,16.8,67.5
Yemen,2010,4.67,15.3,68
Zambia,1995,6.19,13.2,46.1
Zambia,1996,6.15,13,45.7
Zambia,1997,6.12,16.8,45.5
Zambia,1998,6.09,13.6,45.5
Zambia,1999,6.07,9.02,45.6
Zambia,2000,6.04,9.23,46
Zambia,2001,6,11.7,46.1
Zambia,2002,5.96,14.7,47
Zambia,2003,5.92,16.2,47.6
Zambia,2004,5.86,18.4,48.4
Zambia,2005,5.79,24.1,49.3
Zambia,2006,5.72,35,50.2
Zambia,2007,5.64,31.1,51.5
Zambia,2008,5.56,43.2,53
Zambia,2009,5.48,36.7,54.5
Zambia,2010,5.4,43.9,56